key,Wire 1,Wire 2,Wire 3,Wire 4,Wire 5,Wire 6,Wire 7,Wire 8,Wire 9
1,60.059998,,,,,,,,
2,96.05231500000001,,,,,,,,
3,91.160157,,,,,,,,
4,89.063515,,,,,,,,
5,89.238236,9.11456,,,,,,,
6,99.10991700000001,9.11456,,,,,,,
7,98.0616,,,,,,,,
8,155.28239399999998,,,,,,,,
9,113.393279,9.143680999999999,,,,,,,
10,81.24479600000001,12.376000000000001,,,,,,,
11,99.197281,,,,,,,,
12,153.57887300000002,,,,,,,,
13,77.26992,52.416002999999996,,,,,,,
14,120.251038,37.826881,,,,,,,
15,71.285759,52.09568,,,,,,,
16,100.114563,43.097599,,,,,,,
17,110.20463600000001,50.144638,,,,,,,
18,88.233596,32.148486999999996,,,,,,,
19,113.218552,75.304322,,,,,,,
20,105.13775600000001,72.27583999999999,,,,,,,
21,119.290081,98.367363,,,,,,,
22,144.755523,99.910721,250.04179399999998,,,,,,
23,100.158234,114.907524,276.324066,,,,,,
24,101.730722,50.319363,,,,,,,
25,127.065117,64.588157,,,,,,,
26,170.13359100000002,,,,,,,,
27,118.24176,30.051841999999997,,,,,,,
28,99.153595,,,,,,,,
29,120.11999499999999,,,,,,,,
30,44.16048,23.033920000000002,,,,,,,
31,96.13968,27.023360999999998,,,,,,,
32,105.225121,,,,,,,,
33,210.275512,,,,,,,,
34,115.140472,,,,,,,,
35,130.079041,,,,,,,,
36,100.158234,,,,,,,,
37,86.486405,,,,,,,,
38,108.10799600000001,,,,,,,,35.0532
39,135.18959,,,,,,,,
40,125.23055300000001,,,,,,,,
43,96.096001,15.084160999999998,,,,,,,
44,69.18912300000001,,,,,,,,
45,114.35423700000001,,,,,,,,
46,100.245593,,,,,,,,
47,33.10944,49.038082,,,,,,,
48,72.20304100000001,47.14528299999999,,,,,,,
49,39.312,,,,,,,,
50,43.243198,,,,,,,,
57,21.097441,,,,,,,,
58,73.207679,11.12384,,,,,,,
59,40.141921999999994,,,,,,,,
60,35.162399,50.144638,,,,,,,
61,50.013599,70.062721,,,,,,,
62,97.100639,63.13216,,,,,,,
63,47.960640000000005,72.188484,,,,,,,
64,61.152001,64.15135699999999,,,,,,,
65,45.121441,26.120639999999998,,,,,,,
66,156.680151,,,,,,,,
67,70.062721,,,,,,,,
68,90.155518,,,,,,,,
69,191.362092,9.085441000000001,,,,,,,
70,90.024483,,,,,,,,
71,140.256469,,,,,,,,
72,71.853601,,,,,,,,
73,114.092163,,,,,,,,
74,117.28079200000002,,,,,,,,
75,114.266884,,,,,,,,
76,70.193763,,,,,,,,
77,110.292,45.135998,,,,,,,
78,86.26800099999998,35.060482,,,,,,,
79,50.013599,32.497921000000005,,,,,,,
80,23.1504,,,,,,,,
86,37.08432,,,,,,,,
87,54.993122,,,,,,,,
89,48.135361,12.17216,,,,,,,
90,72.552482,,,,,,,,
91,59.142724,53.173118,,,,,,,
92,12.97296,,,,,,,,
93,21.927359,,,,,,,,
94,37.215357999999995,,,,,,,,
95,75.260643,23.1504,,,,,,,
96,69.145439,18.14176,,,,,,,
97,150.259201,,,,,,,,
98,102.12383299999999,,,,,,,,
99,70.1064,,,,,,,,
100,90.19920400000001,,,,,,,,
101,76.221604,,,,,,,,
102,110.160958,,,,,,,,
103,105.225121,28.1008,,,,,,,
104,65.17055500000001,,,,,,,,
105,115.18415099999999,,,,,,,,
106,80.19648000000001,,,,,,,,
107,80.109123,,,,,,,,
108,84.56447599999998,12.14304,,,,,,,
110,34.0704,19.131842000000002,,,,,,,
111,118.72224299999999,17.122560999999997,,,,,,,
112,92.99472,,,,,,,,
113,7.55664,,96.04795100000001,24.148801,,60.094322000000005,,,
114,,,88.648567,43.065360999999996,,54.122643,,,
115,,,,,,64.21272300000001,,,
116,146.022235,0.5824,,,,,,,
117,,,93.068977,,,26.975523,,,
118,,,94.990898,33.182243,,60.025684,,,
119,,,93.11702700000001,,,43.174561,,,
120,150.215515,,,,,,,,
121,129.205429,,,,,,,,
122,133.223999,,,,,,,,
123,170.220947,,231.11090099999998,,,40.051441,,,
124,175.156799,,254.07785,,,40.085762,,,
125,120.382073,,260.13189700000004,,,65.310967,,,
126,56.085118,,,,,,,,
127,69.189117,,,,,25.0536,,,
128,59.23008,,,,,,,,
129,115.14048000000001,,,,,,,,
130,105.44351600000002,,,,,18.086641,,,
131,48.047999999999995,,,,,10.055760000000001,,,
132,,,,,,28.108082,,,
133,15.15696,,,,,137.142731,,,
134,,,,,,26.151842000000002,,,
135,124.225914,,,,,51.20544099999999,,,
136,35.118721,,,,,98.22384699999999,,,
137,40.27296,,,,,38.198161999999996,,,
138,109.156319,,,,,39.159121999999996,,,
139,104.35151699999999,,,,,32.123523999999996,,,
140,165.197754,1.6016000000000001,,,,20.214481,,,
141,93.562557,,,,,42.076324,,,
142,142.396804,,,,,,,,
143,83.385124,,,,,,,,
144,138.37824100000003,,,,,18.086641,,,
145,130.777908,,,,,14.0712,,,
146,106.273438,,,,,,,,
147,133.092957,18.14176,,,,9.197761,,,
148,126.23519100000001,38.321918,,,,,,,
149,92.03376,,,,,,,,
150,19.830719000000002,,,,,,,,
151,6.15888,,,,,,,,
152,96.05231500000001,,,,,,,,
153,70.15007800000001,,,,,,,,
154,70.193764,16.103361,,,,,,,
155,93.125763,,,,,,,,
156,103.172157,,,,,,,,
157,20.0928,,,,,,,,
158,91.160156,37.157123999999996,,,,,,,
159,21.01008,,,,,,,,
160,82.249435,,,,,,,,
161,109.068962,90.272011,,,,,,,
162,152.224793,,,,,,,,
163,90.854401,60.249283,,,,,,,
164,65.12688399999999,40.069122,,,,,,,
165,52.503361,90.30111699999999,,,,,,,
166,81.07007600000001,90.330239,,,,,,,
167,45.121437,20.0928,,,,,,,
168,60.103680000000004,60.249279,,,,,,,
169,36.254399,117.149767,,,,,,,
170,120.338402,85.001274,,,,,,,
171,100.114563,50.756161000000006,,,,,,,
172,85.219674,,,,,,,,
173,91.990073,,,,,,,,
174,110.117287,,,,,,,,
175,91.20384200000001,,,,,,,,
176,75.1296,,,,,,,,
177,116.27616900000001,,,,,,,,
178,163.668945,,,,,,,,
179,75.26063500000001,,,,,,,,
180,56.259841,,,,,,,,
181,42.194880999999995,,,,,,,,
182,37.08432,,,,,,,,
183,100.245601,,,,,,,,
184,97.974236,,,,,,,,
185,103.041115,,,,,,,,
186,98.105278,,,,,,,,
187,90.111839,,,,,,,,
188,55.080479000000004,,,,,,,,
189,74.21231800000001,64.18048099999999,,,,,,,
190,78.143516,30.110081,,,,,,,
191,105.094078,,,,,,,,
192,76.17791700000001,60.161922,,,,,,,
193,122.129272,,,,,,,,
194,117.10607900000001,,,,,,,,
196,83.254082,,,,,,,,
198,91.378555,,,,,,,,
199,83.341438,,,,,,,,
200,121.21199800000001,18.170881,,,,,,,
201,61.151998,,,,,,,,
202,105.006721,9.143680999999999,,,,,,,
203,120.20736,15.025920999999999,,,,,,,
204,134.184952,20.35488,,,,,,,
205,135.189591,18.11264,,,,,,,
206,127.458237,15.11328,,,,,,,
207,107.05967700000001,15.142401000000001,,,,,,,
208,109.986244,,,,,,,,
213,67.136154,,,,,,,,
214,82.205758,25.043201,,,,,,,
215,126.322556,,,,,,,,
216,95.091362,25.10144,,,,,,,
217,177.03503399999997,,,,,,,,
218,126.19151300000001,,,,,,,,
219,103.215836,12.0848,,,,,,,
220,89.150879,,,,,,,,
221,140.08175599999998,14.035841,,,,,,,
222,88.845115,,,,,,,,
223,142.09103299999998,57.24992,,,,,,,
224,126.104149,111.29665399999999,,,,,,,
225,182.626068,40.040001000000004,,,,,,,
226,74.212326,,,,,,,,
227,164.36784300000002,,,,,,,,
228,111.078232,63.248642000000004,,,,,,,
229,154.32144100000002,,,,,,,,
230,75.17327900000001,,,,,,,,
231,150.171829,,,,,,,,
232,145.017593,,,,,,,,
233,145.148636,,,,,,,,
234,125.099525,,,,,,,,
235,154.670866,83.312325,,,,,,,
236,60.889914999999995,29.090881,,,,,,,
237,71.11104,65.199684,,,,,,,
238,58.3128,45.106884,,,,,,,
239,85.175995,80.196487,,,,,,,
240,35.07504,25.13056,,,,,,,
241,30.1392,55.124165000000005,,,,,,,
242,50.188320000000004,26.149759,,,,,,,
243,71.6352,144.289596,,,,,,,
244,58.225441000000004,106.25888800000001,,,,,,,
245,46.300799999999995,86.51552500000001,,,,,,,
246,55.779358,90.12640400000001,,,,,,,
247,45.208798,46.67936300000001,,,,,,,
248,104.96304,,,,,,,,
249,102.64800399999999,,,,,,,,
250,100.289276,,,,,,,,
251,109.156319,,,,,,,,
252,165.24144,67.121598,,,,,,,
253,118.154396,30.02272,,,,,,,
254,170.177276,,,,,,,,
255,86.399033,,,,,,,,
256,47.261756999999996,,,,,,,,
257,84.171356,,,,,,,,
258,80.240158,,,,,,,,
259,55.080479000000004,,,,,,,,
260,104.220474,,,,,,,,
261,90.28656799999999,,,,,,,,
262,142.26575499999998,,,,,,,,
263,78.18719899999999,,,,,,,,
264,63.073921,,,,,,,,
265,62.200317999999996,,,,,,,,
266,73.295036,,,,,,,,
267,82.293121,,,,,,,,
268,57.133438,,,,,,,,
270,110.204636,35.118721,,,,,,,
271,140.16911399999998,75.1296,,,,,,,
272,120.16368100000001,84.21504200000001,,,,,,,
273,70.01904300000001,,,,,,,,
274,171.924481,19.190081,,,,,,,
275,100.114563,14.064960000000001,,,,,,,
276,118.19808200000001,82.205765,,,,,,,
277,61.152,90.18464700000001,,,,,,,
278,53.464321000000005,109.46208199999998,,,,,,,
279,99.066236,,,,,,,,
280,160.174557,76.236166,,,,,,46.002319,
281,125.230568,100.289276,,,,,,46.094879,
282,90.155517,35.060482,,,,,,46.187439000000005,
283,125.143204,35.147839000000005,,,,,,46.094879,
284,105.181442,65.257919,,,,,,46.279999,
285,60.27839999999999,,,,,,,46.187439000000005,
286,110.204636,45.135998,,,,,,46.187439000000005,
287,130.166381,60.103683,,,,,,45.354401,
288,70.19376399999999,,,,,,,45.076721,
289,86.311676,20.180161,,,,,,45.076721,
290,67.31088199999999,,,,,,,,
291,176.117752,30.110081,,,,,,,
292,74.212326,,,,,,,,
293,131.73888,,,,,,,,
294,99.37200100000001,,,,,,,,
295,110.16095700000001,,,,,,,,
296,168.080642,,,,,,,,
297,158.29631,,,,,,,,
298,118.32912400000001,,,,,,,,
299,98.105278,28.129921000000003,,,,,,,
300,45.077759,10.13376,,,,,,,
301,125.099525,67.23808199999999,,,,,,,
302,58.181759,21.17024,,,,,,,
303,75.216965,,,,,,,,
304,117.193444,12.14304,,,,,,,
305,133.70448299999998,43.010242,,,,,,,
306,149.036163,,,,,,,,
307,56.085121,,,,,,,,
308,88.75775800000001,,,,,,,,
309,93.038399,,,,,,,,
310,83.210399,31.1584,,,,,,,
311,81.98735400000001,0.17472000000000001,,,,,,,
312,149.079834,,,,,,,,
313,68.228159,,,,,,,,
314,68.097121,,,,,,,,
315,98.192642,,,,,,,,
316,120.16368100000001,20.151041,,,,,,,
317,97.100639,,,,,,,,
318,87.316322,,,,,,,,
319,33.240479,,,,,,,,
320,63.248642,,,,,,,,
321,15.15696,,,,,,,,
322,,188.22854999999998,,,,,,,
323,146.53079200000002,16.2864,,,,,,,
324,180.32038899999998,,,,,,,,
325,114.2855992056,,,,,,,,
326,100.105202,,,,,,,,
327,97.01640400000001,,,,,,,,
328,96.87600099999999,40.052479,,,,,,,
329,183.362397,,,,,,,,
333,93.178802,,,,,,,,
334,130.291199,,,,,,,,
335,73.42920000000001,,,,,,,,
336,149.385605,,,,,,,,
337,58.219201,12.15448,,,,,,,
338,82.13400200000001,,,,,,,,
339,92.195999,,,,,,,,
340,62.290802000000006,,,,,,,,
341,37.065601,55.584877,,,,,,,
342,66.22200000000001,,,,,,,,
343,48.110401,,,,,,,,
344,97.297195,,,,,,,,
345,71.22959900000001,,,,,,,,
346,81.385196,35.106239,,,,,,,
347,63.133201,23.10256,,,,,,,
348,52.275599,23.10256,,,,,,,
349,76.283997,0.030160000000000003,,,,,,,
350,32.292,,,,,,,,
351,69.26400799999999,47.170239,,,,,,,
352,61.120799999999996,,,,,,,,
353,63.367203,,,,,,,,
354,49.139995,,,,,,,,
356,78.48359599999999,,,,,,,,
357,127.062004,9.16864,,,,,,,
358,57.376801,110.355438,,,,,,,
359,114.191993,,,,,,,,
360,84.239998,,,,,,,,
361,237.463211,,,,,,,,
362,115.26840200000001,,,,,,,,
363,117.093597,,,,,,,,
364,122.24159999999999,,,,,,,,
365,196.79399899999999,,,,,,,,
366,124.207191,,,,,,,,
367,110.260796,30.069521,,,,,,,
368,72.212395,,,,,,,,
369,120.27599400000001,35.136398,,,,,,,
370,160.19639600000002,,,,,,,,
371,135.298798,,,,,,,,
372,127.249199,,,,,,,,
373,121.258789,,,,,,,,
374,81.057598,,,,,,,,
379,166.28041,,,,,,,,
380,91.025998,,,,,,,,
381,190.242004,,,,,,,,
383,199.41478,8.082880000000001,,,,,,,
384,138.200394,,,,,,,,
385,117.327598,,,,,,,,
386,157.201203,,,,,,,,
387,113.302795,,,,,,,,
388,135.251999,,,,,,,,
389,86.392799,15.11016,,,,,,,
390,166.327202,,,,,,,,
391,132.490799,,,,,,,,
392,119.527198,,,,,,,,
393,105.019203,,,,,,,,
394,88.030792,,,,,,,,
395,101.181602,,,,,,,,
396,131.3208,,,,,,,,
397,155.141998,,,,,,,,
398,124.20720700000001,,,,,,,,
399,97.110001,,,,,,,,
400,155.375992,,,,,,,,
401,89.29440299999999,,,,,,,,
402,94.53600300000001,,,,,,,,
403,22.229999,,,,,,,,
404,37.205996999999996,33.236321000000004,,,,,,,
405,121.305594,46.174957,,,,,,,
406,136.375206,70.061684,277.044769,,,,,,
407,129.261596,108.515679,279.78350800000004,,,,,,
408,125.236801,35.136398,,,,,,,
409,60.372002,45.239998,,,,,,,
410,78.202797,24.158159,,,,,,,
411,20.124001,29.134559999999997,,,,,,,
412,99.122398,,,,,,,,
413,145.454391,35.166557,,,,,,,
414,128.185211,37.187283,,,,,,,
415,73.10160099999999,34.261756999999996,,,,,,,
416,112.132797,21.112,,,,,,,
417,130.291199,50.09576,260.13189700000004,,,,,,
418,145.313995,75.339676,260.083832,,,,,,
419,102.211197,,,,,,,,
420,181.350006,,,,,,,,
421,174.42361499999998,11.1592,,,,,,,
422,132.397201,29.134559999999997,,,,,,,
423,118.310394,17.161039000000002,,,,,,,
424,163.331985,20.146879000000002,,,,,,,
425,167.403595,,,,,,,,
426,160.383591,,,,,,,,
427,125.798396,,,,,,,,
428,140.680799,,,,,,,,
429,106.189194,,,,,,,,
430,108.1548,,,,,,,,
431,122.19480200000001,,,,,,,,
432,106.095596,,,,,,,,
433,88.124397,,,,,,,,
434,122.147995,,,,,,,,
435,125.23680099999999,109.36015999999998,,,,,,,
436,36.129601,0.09047999999999999,,,,,,,
437,119.19959999999999,67.105999,,,,,,,
438,171.381607,18.065839999999998,,,,,,,
439,152.28720099999998,,,,,,,,
440,127.249198,,,,,,,,
441,163.98719899999998,,,,,,,,
442,162.58319,,,,,,,,
443,118.16999799999999,9.07816,,,,,,,
444,168.3396,,,,,,,,
445,121.258789,26.118561,,,,,,,
446,112.226394,,,,,,,,
447,133.239608,41.108078000000006,,,,,,,
448,127.529991,,,,,,,,
449,100.151993,14.08472,,,,,,,
450,221.317184,14.0244,,,,,,,
451,138.153595,23.012081,,,,,,,
452,108.342003,,,,,,,,
453,189.39961300000002,54.046721999999995,,,,,,,
454,160.617584,35.076080000000005,,,,,,,
455,149.198395,10.1036,,,,,,,
456,68.140801,,,,,,,,
457,102.16439799999999,,,,,,,,
458,91.166405,,,,,,,,
459,130.66561099999998,,,,,,,,
460,222.95519399999998,,,,,,,,
461,90.043198,,,,,,,,
462,95.284797,,,,,,,,
463,135.25199899999998,,,,,,,,
464,151.351197,,,,,,,,
465,165.25079399999998,30.129841,,,,,,,
466,155.235611,,,,,,,,
467,115.0812,,,,,,,,
468,139.97879,30.16,,,,,,,
469,125.283608,,,,,,,,
470,152.193603,,,,,,,,
471,171.28801,,,,,,,,
472,145.08000099999998,,,,,,,,
473,169.416,9.07816,,,,,,,
474,77.220001,,,,,,,,
475,97.81199699999999,13.21008,,,,,,,
476,45.161995000000005,,,,,,,,
477,86.15879799999999,,,,,,,,
478,131.227188,8.17336,,,,,,,
479,139.183213,8.11304,,,,,,,
480,137.12399299999998,30.16,,,,,,,
481,65.23919699999999,,,,,,,,
482,132.3504,,,,,,,,
483,123.78599600000001,,,,,,,,
484,120.229194,,,,,,,,
485,98.27999500000001,,,,,,,,
486,98.186402,,,,,,,,
487,22.1364,,,,,,,,
488,92.1492,,,,,,,,
489,105.112801,,,,,,,,
490,76.049995,,,,,,,,
491,87.328797,,,,,,,,
492,126.172799,,,,,,,,
493,100.105202,,,,,,,,
494,93.13200400000001,,,,,,,,
495,120.042,,,,,,,,
496,68.28119699999999,,,,,,,,
497,87.094803,,,,,,,,
498,73.28879500000001,,,,,,,,
499,45.349197000000004,,,,,,,,
500,102.070801,14.08472,,,,,,,
501,23.165998000000002,14.08472,,,,,,,
502,35.099998,,,,,,,,
503,127.34280000000001,,,,,,,,
504,,23.193039000000002,,,,,,,
505,80.215195,45.17968,,,,,,,
507,177.325195,,,,,,,,
508,100.151993,,,,,,,,
509,114.37920299999999,,,,,,,,
510,51.292801,,,,,,,,
511,20.124001,,,,,,,,
512,77.26679999999999,15.20064,,,,,,,
513,95.19120000000001,39.147678000000006,,,,,,,
514,102.117599,,,,,,,,
515,137.311203,,,,,,,,
516,151.72560099999998,,,,,,,,
517,115.26840200000001,,,,,,,,
518,163.332001,,,,,,,,
519,128.232009,,,,,,,,
520,125.28359200000001,16.195919,,,,,,,
521,47.080799,9.16864,,,,,,,
522,73.14839699999999,82.09552,,,,,,,
523,74.318405,97.115196,,,,,,,
524,54.147598,51.03072,,,,,,,
525,54.100798999999995,28.078958,,,,,,,
526,90.183601,43.128799,,,,,,,
527,105.346802,30.09968,,,,,,,
528,131.461196,,,,,,,,
530,,22.107281,,,,,,,
531,149.151613,9.13848,,,,,,,
532,108.1548,,,,,,,,
533,150.27478799999997,15.17048,,,,,,,
534,105.019203,,,,,,,,
535,165.344403,,,,,,,,
536,97.20360600000001,14.14504,,,,,,,
537,100.011597,,,,,,,,
538,102.070801,,,,,,,,
539,68.094002,,,,,,,,
541,123.2244,,,,,,,,
542,133.239609,,,,,,,,
543,120.135598,,,,,,,,
544,53.351997999999995,,,,,,,,
545,62.19720099999999,,,,,,,,
546,35.287200999999996,,,,,,,,
547,52.275597,,,,,,,,
548,60.325199,,,,,,,,
549,64.256393,24.128,,,,,,,
550,60.325199,,,,,,,,
551,,40.173119,,,,,,,
552,21.1068,,,,,,,,
553,152.33399999999997,,,,,,,,
554,148.215607,,,,,,,,
555,168.38639899999998,22.227921,,,,,,,
556,100.151993,15.140320000000001,,,,,,,
557,113.209198,,,,,,,,
558,101.181595,,,,,,,,
559,105.112801,,,,,,,,
560,106.750802,,,,,,,,
561,99.122398,,,,,,,,
562,32.1516,,,,,,,,
563,140.166,,,,,,,,
564,95.097595,,,,,,,,
565,133.099197,,,,,,,,
566,68.468399,,,,,,,,
567,113.209198,,,,,,,,
568,100.151993,,,,,,,,
569,49.186798,60.169201,,,,,,,
570,60.231601999999995,59.264397,,,,,,,
571,113.25599600000001,150.28729299999998,,,,,,,
572,102.257999,90.14823799999999,,,,,,,
573,55.17719699999999,,,,,,,,
574,147.232803,,,,,,,,
575,124.253997,21.172319,,,,,,,
576,188.463608,36.161839,,,,,,,
577,94.34880100000001,9.16864,,,,,,,
578,139.183197,44.305038,,,,,,,
579,86.252396,16.135599,,,,,,,
580,71.370002,1.17624,,,,,,,
581,103.194001,12.124319999999999,,,,,,,
582,100.011597,,,,,,,,
583,90.323998,59.05327700000001,,,,,,,
584,139.229995,,,,,,,,
585,110.40119899999999,,,,,,,,
586,138.294005,,,,,,,,
587,97.156791,,,,,,,,
588,130.24439999999998,,,,,,,,
589,151.070404,,,,,,,,
590,109.04399899999999,,,,,,,,
591,80.355599,,,,,,,,
592,103.10039499999999,,,,,,,,
593,63.36720299999999,,,,,,,,
594,105.11280099999999,50.09576,,,,,,,
595,140.166001,,,,,,,,
596,162.302399,,,,,,,,
597,165.20401,,,,,,,,
598,86.15879799999999,65.205919,,,,,,,
599,109.184403,,,,,,,,
600,58.827598,,,,,,,,
601,98.186401,,,,,,,,
602,67.111198,,,,,,,,
603,91.16640100000001,78.68743900000001,,,,,,,
604,155.235611,,,,,,,,
605,100.058403,,,,,,,,
606,150.181198,,,,,,,,
608,60.091198,,,,,,,,
609,85.129204,,,,,,,,
610,64.95839699999999,,,,,,,,
611,45.068397999999995,,,,,,,,
612,119.05920400000001,18.096001,,,,,,,
613,151.070404,,,,,,,,
614,153.737999,,,,,,,,
615,159.16679399999998,,,,,,,,
616,152.33399300000002,,,,,,,,
617,138.24719199999998,,,,,,,,
618,70.199997,,,,,,,,
619,90.043198,,,,,,,,
620,104.925598,,,,,,,,
621,103.942802,,,,,,,,
622,96.0336,,,,,,,,
623,105.112801,,,,,,,,
624,145.173599,,,,,,,,
625,155.329193,,,,,,,,
626,100.151992,210.245362,,,,,,,
627,98.326797,,,,,,,,
628,54.10079999999999,103.20752,,,,,,,
629,61.1208,31.094959000000003,,,,,,,
630,156.592803,118.25735399999999,,,,,,,
631,103.053604,85.744876,,,,,,,
632,63.133202000000004,34.925278000000006,,,,,,,
633,117.093597,30.129839999999998,,,,,,,
634,93.225594,,,,,,,,
635,57.236401,17.07056,,,,,,,
636,82.321197,,,,,,,,
637,129.214798,,,,,,,,
638,169.322388,,,,,,,,
639,136.094398,,,,,,,,
640,75.113998,,,,,,,,
641,221.17679599999997,,,,,,,,
642,130.291198,,,,,,,,
643,39.967201,,,,,,,,
644,105.159599,,,,,,,,
645,95.1912,,,,,,,,
646,136.234802,,,,,,,,
647,100.151993,,,,,,,,
648,105.112801,,,,,,,,
649,90.18360100000001,,,,,,,,
650,170.398798,,,,,,,,
651,123.130799,,,,,,,,
652,121.30559299999999,,,,,,,,
653,187.29359399999998,,,,,,,,
654,116.20439200000001,10.133759,,,,,,,
655,124.06680300000001,,,,,,,,
656,60.137997,,,,,,,,
657,99.49679499999999,27.264641000000005,,,,,,,
658,175.266006,,,,,,,,
659,94.208396,,,,,,,,
660,76.14359999999999,,,,,,,,
661,128.980804,14.1752,,,,,,,
662,90.183601,,,,,,,,
663,130.24439999999998,,,,,,,,
664,68.047203,,,,,,,,
665,95.518799,,,,,,,,
666,64.162796,,,,,,,,
667,129.214798,,,,,,,,
668,95.331604,,,,,,,,
669,90.183601,,,,,,,,
670,91.400398,,,,,,,,
671,135.298797,,,,,,,,
672,90.932398,,,,,,,,
673,134.877605,,,,,,,,
674,20.170799,,,,,,,,
675,67.34519900000001,,,,,,,,
676,93.2724,,,,,,,,
677,59.108402,,,,,,,,
678,96.080399,,,,,,,,
679,72.071999,,,,,,,,
680,120.04200000000002,,,,,,,,
681,118.16999799999999,,,,,,,,
682,70.059601,,,,,,,,
684,107.265594,,,,,,,,
685,35.099998,,,,,,,,
686,130.19760100000002,,,,,,,,
687,137.919601,,,,,,,,
688,156.265197,,,,,,,,
689,97.29719599999999,51.332317,,,,,,,
690,16.0056,,,,,,,,
691,68.187599,20.177039999999998,,,,,,,
692,94.62960100000001,32.331520000000005,,,,,,,
693,95.144401,,,,,,,,
694,94.1148,,,,,,,,
695,58.312796999999996,11.18936,,,,,,,
696,134.128799,,,,,,,,
697,107.125198,,,,,,,,
698,107.17199699999999,,,,,,,,
699,126.125999,,,,,,,,
700,93.13200400000001,,,,,,,,
701,182.23919700000002,,,,,,,,
702,197.30879099999999,,,,,,,,
703,170.211609,,,,,,,,
704,144.377997,,,,,,,,
705,122.194801,,,,,,,,
706,75.113998,,,,,,,,
707,55.317598,,,,,,,,
708,94.957199,,,,,,,,
709,45.068397999999995,,,,,,,,
716,135.111603,,,,,,,,
717,130.150803,,,,,,,,
718,78.15599800000001,,,,,,,,
719,82.274399,,,,,,,,
720,103.053598,,,,,,,,
721,89.24759599999999,,,,,,,,
722,67.157997,,,,,,,,
723,115.174797,,,,,,,,
724,81.29160300000001,,,,,,,,
725,117.093597,,,,,,,,
726,138.200396,,,,,,,,
727,165.39120499999999,,,,,,,,
728,212.37838800000003,,,,,,,,
729,115.174797,,,,,,,,
730,110.447998,,,,,,,,
731,98.467201,,,,,,,,
732,115.034401,,,,,,,,
733,97.250405,,,,,,,,
734,100.105202,,,,,,,,
735,150.508805,,,,,,,,
736,140.259597,,,,,,,,
737,183.268787,,,,,,,,
738,145.360798,,,,,,,,
739,81.057602,,,,,,,,
740,102.91319999999999,,,,,,,,
741,107.125198,,,,,,,,
742,112.319999,,,,,,,,
743,107.54640099999999,,,,,,,,
745,13.9932,56.157920999999995,,,,,,,
746,67.157997,73.198318,,,,,,,
747,57.2364,,,,,,,,
749,22.183201,37.126961,,,,,,,
750,,99.226395,,,,,,,
751,65.332798,21.956478,,,,,,,
752,63.32039999999999,25.153439000000002,,,,,,,
753,16.0056,40.203281,,,,,,,
756,92.055603,,,,,,,,
757,145.360794,,,,,,,,
758,124.253998,,,,,,,,
759,101.2752,,,,,,,,
760,125.330391,,,,,,,,
761,104.27040100000002,,,,,,,,
762,79.045196,,,,,,,,
763,80.262001,,,,,,,,
764,110.213997,,,,,,,,
765,80.77679699999999,,,,,,,,
767,103.849198,,,,,,,,
768,79.981201,,,,,,,,
769,222.300003,0.09048,,,,,,,
770,78.062401,,,,,,,,
771,68.00039699999999,,,,,,,,4.622800000000001
772,71.88479600000001,35.136398,,,,,,,
773,107.218804,35.166557,,,,,,,
774,75.160797,52.206959000000005,,,,,,,35.0168
775,102.30479399999999,148.930079,,,,,,,10.01
776,60.137997,58.11832,,,,,,,
777,147.186005,88.037041,,,,,,,
778,62.197199999999995,128.994324,,,,,,,53.071201
779,90.370796,159.06384200000002,,,,,,,
780,84.520805,185.12208600000002,,,,,,,
781,95.191201,115.211197,,,,,,,
782,197.542801,150.257128,,,,,,,55.000397
783,160.664398,30.280639,,,,,,,
784,156.077995,40.263599,,,,,,,
785,120.276009,,,,,,,,
786,100.105202,,,,,,,,
787,128.278794,,,,,,,,
788,145.267196,,,,,,,,
789,123.271202,,,,,,,,
790,69.357597,78.295356,,,,,,,
791,80.121597,40.173119,,,,,,,
792,85.129196,75.309525,,,,,,,
793,120.229195,19.121441,,,,,,,
794,80.168404,90.26887500000001,,,,,,,
795,65.098801,10.163919,,,,,,,
801,63.179999,36.403118,,,,,,,
802,29.249999,80.37639999999999,,,,,,,
803,85.035599,188.258724,,,,,,,
804,87.188401,93.13407899999999,,,,,,,
805,75.30120099999999,,,,,,,,
806,99.169197,,,,,,,,
807,127.295998,,,,,,,,
808,193.377594,,,,,,,,
809,137.638809,,,,,,,,
810,117.374402,,,,,,,,
811,163.987198,,,,,,,,
812,19.0476,,,,,,,,
813,29.25,85.141678,,,,,,,
814,96.22080199999999,,,,,,,,
815,16.099199,,,,,,,,
816,129.074402,42.0732,,,,,,,
817,99.68399799999999,27.083679999999998,,,,,,,
818,92.52359600000001,,,,,,,,
819,198.338395,65.05511999999999,,,,,,,
820,155.376007,60.169201,240.24000499999997,,,,,,
821,197.449189,,,,,,,,
822,104.878792,,,,,,,,
823,42.166801,,,,,,,,
824,139.230011,58.23896,,,,,,,
825,104.083199,,,,,,,,
826,113.302799,16.135599,,,,,,,
827,30.139197999999997,30.129841,,,,,,,
828,70.012794,27.083678999999997,,,,,,,
829,61.120799,,,,,,,,
830,41.137199,,,,,,,,
831,52.275597,,,,,,,,
832,61.2612,,,,,,,,
833,73.101601,,,,,,,,
834,44.132397,19.1516,,,,,,,
835,42.119999,23.162879999999998,,,,,,,
836,89.01359599999999,,,,,,,,
837,212.00399199999998,92.19912,,,,,,,
838,130.80599999999998,131.376957,,,,,,,
839,68.187599,,,,,,,,
840,50.122799,50.125919,,,,,,,
842,93.085197,,,,,,,,
843,97.15679499999999,,,,,,,,
844,60.137997,45.119358,,,,,,,
845,110.167198,,,,,,,,
846,118.310394,,,,,,,,
847,97.34400199999999,,,,,,,,
848,142.27200299999998,,,,,,,,
849,140.119202,,,,,,,,
850,189.867585,,,,,,,,
851,85.082397,,,,,,,,
852,148.215609,,,,,,,,
853,176.248794,,,,,,,,
854,64.349999,30.09968,,,,,,,
855,91.2132,,,,,,,,
856,116.251204,15.140320000000001,,,,,,,
857,69.965996,30.09968,,,,,,,
858,65.098801,,,,,,,,
859,122.28840600000001,,,,,,,,
860,33.274799,28.13928,,,,,,,
861,123.224396,,,,,,,,
862,44.9748,,,,,,,,
863,119.1996,,,,,,,,
864,135.252014,,,,,,,,
865,100.151993,,,,,,,,
866,100.105202,50.09576,,,,,,,
867,158.51160399999998,35.07608,,,,,,,
868,103.849197,,,,,,,,
869,163.285202,45.149521,,,,,,,
870,230.443191,56.519836,,,,,,,
871,125.283607,66.38215600000001,,,,,,,
872,43.243198,,,,,,,,
873,142.27200299999998,24.158159,,,,,,,
874,143.208008,52.1768,,,,,,,
875,65.192402,,,,,,,,
876,170.398804,29.164719,,,,,,,
877,185.561982,,,,,,,,
878,110.167196,,,,,,,,
879,118.3572,,,,,,,,
880,121.21198999999999,,,,,,,,
881,119.24639900000001,,,,,,,,
882,100.105202,,,,,,,,
883,67.0644,,,,,,,,
884,127.342804,,,,,,,,
885,88.17119600000001,,,,,,,,
886,120.135605,,,,,,,,
887,101.041199,,,,,,,,
888,117.280793,,,,,,,,
889,118.310395,,,,,,,,
890,80.215194,,,,,,,,
891,100.526397,,,,,,,,
892,102.726,,,,,,,,
893,45.161999,,,,,,,,
894,34.304398,,,,,,,,
895,96.82920100000001,50.156082,,,,,,,
896,143.535593,12.124319999999999,,,,,,,
897,186.17039499999998,,,,,,,,
898,100.011597,,,,,,,,
899,105.11280099999999,13.179920000000001,,,,,,,
900,55.1772,10.133759,,,,,,,
901,139.183212,,,,,,,,
902,75.11399800000001,,,,,,,,
903,110.167198,,,,,,,,
904,97.15679899999999,,,,,,,,
905,101.13479600000001,,,,,,,,
906,55.083599,,,,,,,,
907,45.1152,35.166557,,,,,,,
908,50.122799,39.660399999999996,,,,,,,
909,35.099998,,,,,,,,
910,58.078796,35.19672,,,,,,,
911,60.044403,43.671677,,,,,,,
912,75.301201,,,,,,,,
913,65.192406,50.125919,,,,,,,
914,68.234398,23.012081,,,,,,,
915,25.037998,37.096798,,,,,,,
916,100.245598,15.019679,,,,,,,
917,65.14559799999999,24.972479,,,,,,,
918,96.361198,55.283280000000005,,,,,,,
919,46.144798,132.1008,,,,,,,
920,95.23800700000001,40.142963,,,,,,,
921,122.2416,,,,,,,,
922,58.967995,,,,,,,,
923,122.147995,,,,,,,,
924,159.166793,,,,,,,,
925,166.28041000000002,,,,,,,,
926,77.54759999999999,,,,,,,,
927,58.078796,,,,,,,,
928,115.034401,215.43289199999998,,,,,,,
935,60.04439899999999,36.071362,,,,,,,
936,149.759991,,,,,,,,
937,142.084793,,,,,,,,
938,142.084794,,,,,,,,
939,140.166,,,,,,,,
940,132.163208,,,,,,,,
941,86.954399,,,,,,,,
942,63.039597,,,,,,,,
943,168.105591,,,,,,,,
944,63.086401,,,,,,,,
945,60.091198,,,,,,,,
946,106.189194,20.207199,,,,,,,
947,123.037201,,,,,,,,
948,80.07479900000001,21.202478,,,,,,,
949,49.046402,60.169201,,,,,,,
950,80.074799,59.837441,,,,,,,
951,23.072399,45.209839,,,,,,,
952,115.034401,30.16,,,,,,,23.5508
953,110.120399,231.56848100000002,,,,,,,
954,13.0572,131.346802,,,,,,,
955,95.144392,,,,,,,,
956,138.574791,135.388229,,,,,,,
957,90.13679499999999,30.190161,,,,,,,
958,100.011597,95.15479300000001,,,,,,,
959,123.03720100000001,,,,,,,,
960,130.05719,101.247119,,,,,,,
961,55.177195999999995,70.122002,,,,,,,90.053604
962,58.172401,130.110245,,,,,,,30.066399
963,112.085999,111.04911799999999,,,,,,,30.066399
964,90.043198,135.267593,,,,,,,
965,122.2416,195.225677,,,,,,,35.0168
966,85.175995,178.124955,,,,,,,28.0644
967,120.088806,115.33183300000002,,,,,,,30.066399
968,70.10640000000001,,,,,,,,
969,86.11200000000001,74.55552,,,,,,,
970,84.099601,,,,,,,,
971,106.469995,108.12359599999999,,,,,,,
972,125.096397,161.356003,,,,,,,
973,45.115197,,,,,,,,
974,60.04440399999999,105.31871799999999,,,,,,,
975,40.014,90.178398,,,,,,,
976,85.082398,171.550073,,,,,,,
977,65.098801,90.087921,,,,,,,
978,80.028,45.05904,,,,,,,
979,86.15879899999999,,,,,,,,
980,68.09400199999999,35.106239,,,,,,,
981,71.13600199999999,,,,,,,,
982,57.096001,,,,,,,,
983,137.264404,,,,,,,,
984,130.103989,,,,,,,,
985,153.22319,,,,,,,,
986,68.00039699999999,,,,,,,,
987,145.407594,30.069521,,,,,,,
988,160.99200399999998,90.11808,277.092834,,,,,,
989,127.155593,85.20199600000001,,,,,,,
990,50.075996,,,,,,,,
991,96.969597,,,,,,,,
992,56.16,,,,,,,,
993,134.175598,,,,,,,,
994,160.196396,,,,,,,,
995,129.168,,,,,,,,
996,105.066002,,,,,,,,
997,51.058803999999995,,,,,,,,
998,105.066002,,,,,,,,
999,110.026794,,,,,,,,
1000,169.181992,24.128,,,,,,,
1001,130.05719,,,,,,,,
1002,126.96839499999999,,,,,,,,
1003,69.966003,9.13848,,,,,,,
1004,140.072403,,,,,,,,
1005,100.151993,,,,,,,,
1006,97.156791,30.190161,,,,,,,
1007,100.15199299999999,,,,,,,,62.0256
1008,45.1152,,,,,,,,
1009,20.030399,,,,,,,,
1010,,,,,,,,,17.0352
1011,45.1152,,,,,,,,
1012,60.886799,,,,,,,,
1013,65.00520300000001,,,,,,,,
1014,93.178795,,,,,,,,
1015,92.055603,,,,,,,,
1016,94.1148,,,,,,,,
1017,96.17399599999999,,,,,,,,
1018,102.070801,,,,,,,,
1019,100.43280099999998,50.125919,,,,,,,
1020,85.12919600000001,100.312157,,,,,,,
1021,93.2724,48.13536,,,,,,,
1022,96.26759299999999,,,,,,,,
1023,70.012794,25.213758,,,,,,,
1024,60.044403,,,,,,,,
1025,125.19000299999999,,,,,,,,
1026,65.051994,,,,,,,,
1027,20.124001,,,,,,,,
1028,53.071201,,,,,,,,
1029,111.1968,,,,,,,,
1030,120.74400299999999,,,,,,,,
1031,105.066002,,,,,,,,
1032,96.0336,,,,,,,,
1033,81.104393,,,,,,,,
1034,107.12519900000001,,,,,,,,
1035,101.041199,,,,,,,,
1036,86.06519899999999,,,,,,,,
1037,104.083199,,,,,,,,
1038,103.053604,,,,,,,,
1039,136.047598,,,,,,,,
1040,137.077194,,,,,,,,
1041,157.29480600000002,16.195919,,,,,,,
1042,98.046001,18.156321,231.591369,,,,,,
1043,90.277199,70.18231999999999,231.49528500000002,,,,,,
1044,120.229202,25.153439000000002,236.97274000000002,,,,,,
1045,55.130398,,,,,,,,
1046,118.263588,,,,,,,,
1047,82.087197,,,,,,,,
1048,136.047592,50.186237,,,,,,,
1049,89.060402,82.3368,,,,,,,
1050,37.1124,,,,,,,,
1051,121.16519600000001,,,,,,,,
1052,154.15919499999998,,,,,,,,
1053,108.15480099999999,,,,,,,,
1054,172.1772,,,,,,,,
1055,132.022797,,,,,,,,
1056,185.000397,,,,,,,,
1057,145.033187,,,,,,,,
1058,165.297597,,,,,,,,
1059,95.050797,,,,,,,,
1060,166.70160199999998,,,,,,,,
1061,157.014,,,,,,,,
1062,76.049995,,,,,,,,
1063,41.090401,,,,,,,,
1064,124.06680300000001,,,,,,,,
1065,176.248795,,,,,,,,
1066,70.106392,,,,,,,,
1067,112.881599,,,,,,,,
1068,51.1992,,,,,,,,
1069,76.19040700000001,,,,,,,,
1070,69.12359599999999,12.09416,,,,,,,
1071,91.961998,17.130879999999998,,,,,,,
1072,133.099198,,,,,,,,
1073,100.15200000000002,,,,,,,,
1074,38.0952,,,,,,,,
1075,79.092003,,,,,,,,
1076,99.0756,,,,,,,,
1077,119.059189,,,,,,,,
1078,80.074799,,,,,,,,
1079,127.15559300000001,,,,,,,,
1080,73.101601,,,,,,,,
1081,126.172798,,,,,,,,
1082,183.081604,,,,,,,,
1083,194.26679900000002,25.123279999999998,,,,,,,
1084,107.265602,,0.144144,,,,,,
1085,85.082397,15.20064,,,,,,,
1086,148.075195,,,,,,,,
1087,138.106797,,,,,,,,
1088,180.133209,,,,,,,,
1089,90.089996,,,,,,,,
1090,160.102799,,,,,,,,
1091,130.05719,,,,,,,,
1092,220.147201,,,,,,,,
1093,61.073997000000006,72.263359,,,,,,,
1094,83.116798,,,,,,,,
1095,101.930398,,,,,,,,
1096,90.043197,,,,,,,,
1097,104.0364,,,,,,,,
1098,75.11399899999999,50.367194999999995,,,,,,,
1099,38.516401,35.166557,,,,,,,
1100,61.8696,25.334400000000002,,,,,,,
1101,116.110802,19.1516,,,,,,,
1108,106.142403,44.124081,,,,,,,
1109,65.051994,45.17968,,,,,,,
1110,90.97920200000002,73.07768300000001,244.46824600000002,,,,,,
1111,74.13119499999999,53.172081000000006,231.01480099999998,,,,,,
1112,110.026794,74.43487600000002,,,,,,,
1113,138.90239,,,,,,,,
1114,65.00520300000001,,,,,,,,
1115,119.386806,20.086559,,,,,,,
1116,60.044403,9.108319999999999,,,,,,,
1117,51.0588,,,,,,,,
1118,130.150803,,,,,,,,
1119,95.050797,,,,,,,,
1120,68.14080000000001,,,,,,,,
1121,42.0732,,,,,,,,
1122,75.160797,,,,,,,,
1123,60.044403,,,,,,,,
1124,43.056000000000004,,,,,,,,
1125,86.065193,,,,,,,,
1126,144.939594,,,,,,,,
1127,134.128815,,,,,,,,
1128,117.14040400000002,,,,,,,,
1129,115.128002,,,,,,,,
1130,58.125599,,,,,,,,
1131,103.053604,,,,,,,,
1132,104.0364,,,,,,,,
1134,130.05719,,,,,,,,
1135,103.006798,,,,,,,,
1136,92.055603,,,,,,,,
1137,125.143203,,,,,,,,
1138,184.2984,,,,,,,,
1139,114.051598,,,,,,,,
1140,117.140396,,,,,,,,
1141,21.668399,,,,,,,,
1142,92.61720199999999,,,,,,,,
1143,139.183196,,,,,,,,
1144,159.21360800000002,,,,,,,,
1145,114.192001,,,,,,,,
1146,114.192002,,,,,,,,
1147,127.062004,,,,,,,,
1148,129.168,,,,,,,,
1149,127.202393,,,,,,,,
1150,109.184402,,,,,,,,
1151,133.192795,,,,,,,,
1152,103.053604,,,,,,,,
1153,79.232391,,,,,,,,
1154,107.21879899999999,,,,,,,,
1155,70.012794,,,,,,,,
1156,55.083599,,,,,,,,
1157,110.026794,,,,,,,,
1158,140.025589,,,,,,,,
1159,110.073601,,,,,,,,
1160,78.202795,,,,,,,,
1161,110.073601,,,,,,,,
1162,66.830398,,,,,,,,
1163,129.963604,,,,,,,,
1164,112.132797,,,,,,,,
1165,133.707596,,,,,,,,
1166,57.049198000000004,,,,,,,,
1167,117.18720199999998,,,,,,,,
1168,110.167195,,,,,,,,
1169,104.176803,,,,,,,,
1170,97.578003,,,,,,,,
1171,62.103595999999996,,,,,,,,
1172,99.122398,,,,,,,,
1173,20.030399,,,,,,,,
1174,140.072403,25.032799,,,,,,,
1175,65.145599,,,,,,,,
1176,93.178795,57.123039,,,,,,,
1177,90.136803,90.057762,,,,,,,
1178,69.12359599999999,,,,,,,,
1179,,60.139042,,,,,,,
1180,,60.139042,,,,,,,
1181,,100.101036,,,,,,,
1182,59.24879899999999,21.594559999999998,,,,,,,
1183,60.091198,90.148239,,,,,,,
1185,100.105202,,,,,,,,
1186,135.11158799999998,63.1852,,,,,,,
1187,185.093994,,,,,,,,
1188,182.332791,,,,,,,,
1189,125.049598,9.16864,,,,,,,
1190,110.026794,,,,,,,,
1191,97.11000100000001,,,,,,,,
1192,194.313599,12.124319999999999,,,,,,,
1193,96.267601,,,,,,,,
1194,130.150802,,,,,,,,
1195,155.235611,,,,,,,,
1196,72.961197,,,,,,,,
1197,177.044403,,,,,,,,
1198,118.076393,,,,,,,,
1199,143.114395,,,,,,,,
1200,119.1996,,,,,,,,
1201,105.06599399999999,,,,,,,,
1202,98.045998,,,,,,,,
1203,98.139602,,,,,,,,
1204,124.113602,,,,,,,,
1205,102.164406,,,,,,,,
1206,34.023602000000004,,,,,,,,
1207,55.130402000000004,,,,,,,,
1208,92.102394,60.108879,,,,,,,
1209,49.093201,,,,,,,,
1210,67.953598,,,,,,,,
1211,65.051994,,,,,,,,
1212,93.974405,50.125919,,,,,,,
1213,58.172402000000005,,,,,,,,
1214,53.117999999999995,,,,,,,,
1215,86.112,,,,,,,,
1216,100.245599,,,,,,,,
1217,90.136787,44.787599,,,,,,,
1218,107.07839999999999,93.284874,,,,,,,
1219,105.019203,,,,,,,,
1220,55.083599,,,,,,,,
1221,140.21279900000002,,,,,,,,
1222,100.19879900000001,,,,,,,,
1223,35.0532,,,,,,,,
1224,90.183601,,,,,,,,
1225,104.176796,,,,,,,,
1226,107.031601,,,,,,,,
1227,93.22559299999999,,,,,,,,
1228,237.18240300000002,10.194078999999999,,,,,,,
1229,204.14158600000002,17.130879999999998,,,,,,,
1230,142.13159199999998,30.129841,,,,,,,
1231,175.219197,31.275921,,,,,,,
1232,107.125199,16.165760000000002,,,,,,,
1233,151.164001,,,,,,,,
1234,157.107605,,,,,,,,
1235,179.24400400000002,,,,,,,,
1236,186.217202,,,,,,,,
1237,150.227993,,,,,,,,
1238,95.09759500000001,,,,,,,,
1239,86.15879,,,,,,,,
1240,112.085999,,,,,,,,
1241,132.350403,,,,,,,,
1242,105.25320099999999,,,,,,,,
1243,202.503604,,,,,,,,
1244,153.03600999999998,9.13848,,,,,,,
1245,90.183602,,,,,,,,
1246,134.175598,,,,,,,,
1247,220.19400100000001,,,,,,,,
1248,202.22279400000002,,,,,,,,
1249,175.359589,,,,,,,,
1250,219.21119700000003,,,,,,,,
1251,127.249201,,,,,,,,
1252,88.12439799999999,,,,,,,,
1253,162.115203,,,,,,,,
1254,112.085999,,,,,,,,
1255,156.218399,,,,,,,,
1256,145.126799,,,,,,,,
1257,120.135598,,,,,,,,
1258,113.958,,,,,,,,
1259,187.15321300000002,,,,,,,,
1260,124.207192,,,,,,,,
1261,51.011998,,,,,,,,
1262,105.066002,,,,,,,,
1263,140.11919799999998,,,,,,,,
1264,134.1288,,,,,,,,
1265,75.95639800000001,,,,,,,,
1266,125.143204,,,,,,,,
1267,87.141602,,,,,,,,
1268,102.959999,,,,,,,,
1269,142.36559999999997,282.78015200000004,,,,,,,
1270,105.019203,,,,,,,,
1271,94.1147997803,,,,,,,,
1272,140.072403,,,,,,,,
1273,141.14880399999998,,,,,,,,
1274,78.155998,,,,,,,,
1275,111.10320300000001,,,,,,,,
1276,146.156387,,,,,,,,
1277,79.092002,,,,,,,,
1278,79.138801,,,,,,,,
1279,120.22919499999999,,,,,,,,
1280,130.05719,,,,,,,,
1281,130.05719,,,,,,,,
1282,144.28440899999998,,,,,,,,
1283,96.22080100000001,,,,,,,,
1284,120.088807,,,,,,,,
1285,80.074799,,,,,,,,
1286,19.000799,,,,,,,,
1287,137.077194,,,,,,,,
1288,189.212402,,,,,,,,
1289,123.22439499999999,,,,,,,,
1290,136.141201,,,,,,,,
1291,107.0784,,,,,,,,
1292,234.374405,5.1272,,,,,,,
1293,197.26199199999996,5.1272,,,,,,,
1294,167.35679599999997,,,,,,,,
1295,94.16159099999999,,,,,,,,
1296,97.016403,,,,,,,,
1297,127.108803,,,,,,,,
1298,64.02239900000001,73.801521,,,,,,,
1299,241.300813,,,,,,,,
1301,99.12239799999999,,,,,,,,
1302,61.073997,,,,,,,,
1303,80.449196,43.128799,,,,,,,
1304,83.163597,,,,,,,,
1305,140.025589,36.523758,,,,,,,
1306,69.12359599999999,,,,,,,,
1307,114.145203,,,,,,,,
1308,122.14799500000001,10.163919,,,,,,,
1309,178.308,50.186237,,,,,,,
1310,60.044403,15.17048,,,,,,,
1311,65.239197,53.20224,,,,,,,
1312,150.228012,55.16264,,,,,,,
1313,150.13439900000003,0.060320000000000006,,,,,,,
1314,70.059601,26.209039999999998,,,,,,,
1315,71.08919499999999,11.21952,,,,,,,
1316,152.099991,,,,,,,,
1317,91.0728,,,,,,,,
1318,110.120399,,,,,,,,
1319,105.066002,,,,,,,,
1320,105.066002,,,,,,,,
1321,134.269195,17.130879999999998,,,,,,,
1322,142.693199,,,,,,,,
1323,145.1736,,,,,,,,
1324,106.048798,,,,,,,,
1325,147.092392,,,,,,,,
1326,151.2108,8.83688,,,,,,,
1327,113.068802,,,,,,,,
1328,169.135193,,,,,,,,
1329,160.196396,,,,,,,,
1330,156.311996,,,,,,,,
1331,100.058403,,,,,,,,
1332,88.07759899999999,,,,,,,,
1333,197.96399,,,,,,,,
1334,35.989197,,,,,,,,
1335,118.123199,,,,,,,,
1336,97.063194,,,,,,,,
1337,100.058403,,,,,,,,
1338,46.098,,,,,,,,
1339,84.9888,,,,,,,,
1340,62.056801,51.302162,,,,,,,
1341,160.14959800000003,,,,,,,,
1342,83.116806,,,,,,,,
1343,122.990402,,,,,,,,
1344,65.051996,,,,,,,,
1345,50.122799,,,,,,,,
1346,162.208802,,,,,,,,
1347,139.183212,,,,,,,,
1348,128.93399,,,,,,,,
1349,115.73640499999999,,,,,,,,
1350,217.66679399999998,,,,,,,,
1351,117.046802,,,,,,,,
1352,95.097595,,,,,,,,
1353,137.170791,,,,,,,,
1354,103.10039499999999,,,,,,,,
1355,102.16439799999999,,,,,,,,
1356,100.245597,,,,,,,,
1357,105.11279499999999,,,,,,,,
1358,110.213997,,,,,,,,
1359,113.162399,,,,,,,,
1360,98.092804,,,,,,,,
1361,118.076393,,,,,,,,
1362,19.047600000000003,,,,,,,,
1363,85.035599,,,,,,,,
1364,45.021599,,,,,,,,
1365,35.0532,,,,,,,,
1366,80.074799,,,,,,,,
1367,105.066002,,,,,,,,
1368,52.135201,,,,,,,,
1369,101.041197,40.263599,,,,,,,
1370,124.95599299999999,80.13511700000001,,,,,,,
1371,45.068397999999995,,,,,,,,
1372,88.919997,32.029922,,,,,,,
1373,230.068802,26.14872,,,,,,,
1374,120.182403,10.1036,,,,,,,
1375,173.159989,14.08472,,,,,,,
1376,144.190796,,,,,,,,
1377,169.135192,220.348953,,,,,,,
1378,83.163605,,,,,,,,
1381,35.146801,,,,,,,,
1382,104.083199,,,,,,,,
1383,197.82359399999999,15.11016,,,,,,,
1384,90.230392,,,,,,,,
1385,199.88280600000002,60.139042,,,,,,,
1386,119.29319799999999,,,,,,,,
1387,53.164799,50.065598,,,,,,,
1388,190.85038799999998,,,,,,,,
1389,50.029196999999996,45.209839,,,,,,,
1390,127.155594,44.093922,,,,,,,
1391,129.02758699999998,55.343596999999995,,,,,,,
1392,84.052796,65.175756,,,,,,,
1393,157.10759000000002,50.367203,,,,,,,
1394,159.634796,98.05015499999999,,,,,,,
1395,136.28160100000002,70.664879,,,,,,,
1396,118.73159299999999,42.435119,,,,,,,
1397,35.099998,,,,,,,,
1398,185.140802,10.163919,,,,,,,
1399,110.21400399999999,80.40656299999999,,,,,,,
1400,135.06480399999998,70.212479,,,,,,,
1401,195.249588,,,,,,,,
1402,140.072403,,,,,,,,
1403,197.168397,,,,,,,,
1404,62.009997999999996,,,,,,,,
1405,185.281204,,,,,,,,
1406,49.139998999999996,,,,,,,,
1407,151.304397,,,,,,,,
1408,110.02679599999999,10.1036,,,,,,,
1409,77.173202,124.28935999999999,,,,,,,
1410,73.14839900000001,150.40791299999998,,,,,,,
1411,79.13879399999999,32.90456,,,,,,,
1412,110.026794,128.903839,,,,,,,
1413,96.548401,90.23872399999999,,,,,,,
1414,60.137996,,,,,,,,
1415,25.037998,65.11544,,,,,,,
1416,70.012794,72.11255600000001,,,,,,,
1417,76.096802,72.11255600000001,,,,,,,
1418,59.155198,40.112801,,,,,,,
1419,121.024796,,,,,,,,
1420,112.086007,,,,,,,,
1421,136.188005,,,,,,,,
1422,102.07079999999999,,,,,,,,
1423,126.26639899999999,,,,,,,,
1424,26.067601,,,,,,,,
1425,100.058403,,,,,,,,
1426,130.15080300000002,,,,,,,,
1427,112.132797,,,,,,,,
1428,100.105201,,,,,,,,
1429,100.10519400000001,,,,,,,,
1430,176.108399,,,,,,,,
1431,224.07838399999997,,,,,,,,
1432,100.058403,,,,,,,,
1433,142.17839099999998,,,,,,,,
1434,50.12279899999999,,,,,,,,
1435,226.137603,,,,,,,,
1436,88.171196,,,,,,,,
1438,207.32398999999998,11.12904,,,,,,,
1439,173.25360300000003,,,,,,,,
1440,105.019203,40.082642,,,,,,,
1441,130.10398800000002,,,,,,,,
1442,155.282409,,,,,,,,
1443,170.30519099999998,,,,,,,,
1444,106.095596,,,,,,,,
1445,154.065598,,,,,,,,
1446,167.91841100000002,,,,,,,,
1447,173.066396,,,,,,,,
1448,225.950394,,,,,,,,
1449,99.122399,,,,,,,,
1450,136.14120499999999,,,,,,,,
1451,161.225997,,,,,,,,
1452,199.180801,,,,,,,,
1453,1.9188,,,,,,,,
1454,153.223206,,,,,,,,
1455,147.23278799999997,30.16,,,,,,,
1456,184.39200599999998,,,,,,,,
1457,148.075195,,,,,,,,
1458,70.012794,9.108319999999999,,,,,,,
1459,87.1884,9.31944,,,,,,,
1460,242.14320299999997,,,,,,,,
1461,110.073601,,,,,,,,
1462,80.02800400000001,,,,,,,,
1463,137.077194,,,,,,,,
1464,280.987214,,,,,,,,
1465,155.09519999999998,,,,,,,,
1466,147.513588,,,,,,,,
1467,165.671997,,,,,,,,
1468,120.182404,,,,,,,,
1469,159.400803,,,,,,,,
1470,207.277199,,,,,,,,
1471,103.100403,,,,,,,,
1472,125.096397,,,,,,,,
1473,152.099991,,,,,,,,
1474,91.166405,,,,,,,,
1475,121.024795,,,,,,,,
1476,125.23679399999999,,,,,,,,
1477,116.017204,,,,,,,,
1478,197.121588,,,,,,,,
1479,168.152401,,,,,,,,
1480,122.990398,,,,,,,,
1481,124.160392,,,,,,,,
1482,171.28801,,,,,,,,
1483,127.10879499999999,,,,,,,,
1484,102.117604,,,,,,,,
1485,97.624798,,,,,,,,
1486,100.058403,,,,,,,,
1487,63.086399,,,,,,,,
1488,108.108002,,,,,,,,
1489,163.004399,,,,,,,,
1490,158.13719199999997,,,,,,,,
1491,117.046799,,,,,,,,
1492,215.373596,,,,,,,,
1493,112.554001,,,,,,,,
1494,115.0812,,,,,,,,
1495,131.18039000000002,,,,,,,,
1496,95.097595,30.09968,,,,,,,
1497,83.210396,35.07608,,,,,,,
1498,141.195602,35.106239,,,,,,,
1499,125.143204,,,,,,,,
1500,114.145203,,,,,,,,
1501,61.073998,,,,,,,,
1502,82.04040499999999,60.19936,,,,,,,
1503,65.051994,30.129841,,,,,,,
1504,78.062401,56.791281,,,,,,,
1505,165.43800299999998,51.814877,,,,,,,
1506,90.230397,60.169201,,,,,,,
1507,100.198799,,,,,,,,
1508,90.13679499999999,30.16,,,,,,,
1509,90.043198,60.19936,,,,,,,
1510,115.22159599999999,85.141678,,,,,,,
1511,80.028,30.09968,,,,,,,
1512,77.220001,,,,,,,,
1513,130.197596,60.229518999999996,,,,,,,
1514,178.26120000000003,,,,,,,,
1515,65.00520300000001,20.146879000000002,,,,,,,
1516,107.0784,,,,,,,,
1517,120.042,41.1684,,,,,,,
1518,141.944403,17.130879999999998,,,,,,,
1519,70.059597,,,,,,,,
1520,206.668792,80.165283,,,,,,,
1521,118.638001,80.165283,,,,,,,
1522,117.233993,,,,,,,,
1523,129.214798,,,,,,,,
1524,160.009209,,,,,,,,
1529,141.195602,108.696634,,,,,,,
1530,126.126,159.335282,,,,,,,
1531,98.139603,45.149521,,,,,,,
1532,46.144802,123.233765,,,,,,,
1533,70.1064,90.11808,,,,,,,
1534,52.135201,35.106239,,,,,,,
1535,65.192406,,,,,,,,
1536,87.09479499999999,70.242637,,,,,,,
1537,36.082798,60.048561,,,,,,,
1538,,45.119358,,,,,,,
1539,20.0772,20.086559,,,,,,,
1540,29.062799,30.310799000000003,,,,,,,
1541,119.0592,,,,,,,,
1542,56.908802,24.429602,,,,,,,
1543,134.17560600000002,15.04984,,,,,,,
1544,129.214799,9.048,,,,,,,
1545,105.9552,10.1036,,,,,,,
1546,96.220803,,,,,,,,
1547,143.114396,,,,,,,,
1548,89.060402,,,,,,,,
1549,124.066803,,,,,,,,
1550,217.15199199999998,16.256239,,,,,,,
1551,179.19719,26.480479,,,,,,,
1552,160.196396,7.720960000000001,,,,,,,
1553,105.9552,,,,,,,,
1554,127.76399699999999,,,,,,,,
1555,113.068802,,,,,,,,
1556,167.075989,28.109119,,,,,,,
1557,149.104807,,,,,,,,
1558,178.12080400000002,,,,,,,,
1559,112.0392,,,,,,,,
1560,140.119202,20.207199,,,,,,,
1561,143.16120999999998,,,,,,,,
1562,153.22319099999999,,,,,,,,
1563,249.95878600000003,,,,,,,,
1567,45.021599,,,,,,,,
1568,55.0368,,,,,,,,
1569,114.05160099999999,35.136398,,,,,,,
1570,65.192406,60.108879,,,,,,,
1571,73.195198,102.182076,,,,,,,
1572,97.9991987793,78.17471400000001,,,,,,,
1573,120.22921,110.29512013569999,,,,,,,
1574,120.182396,20.11672,,,,,,,
1575,92.05559600000001,45.119358,,,,,,,
1576,47.1744,65.08528100000001,,,,,,,
1577,66.175202,60.139042,,,,,,,
1578,,25.093119,,,,,,,
1579,38.984402,,,,,,,,
1580,13.9932,60.078716,,,,,,,
1581,77.126397,53.322883000000004,,,,,,,
1582,65.1456,13.08944,,,,,,,
1583,79.138802,108.425198,,,,,,,
1584,130.10398800000002,59.204083000000004,,,,,,,
1585,168.01199,55.132477,,,,,,,
1586,91.868401,60.169197000000004,,,,,,,
1587,78.109196,120.18759899999999,,,,,,,
1588,99.028801,,,,,,,,
1589,170.024414,,,,,,,,
1590,150.1344,,,,,,,,
1591,33.181213,,,,,,,,
1592,184.204788,,,,,,,,
1593,160.196396,30.039358,,,,,,,
1594,111.056404,30.49176,,,,,,,
1595,116.157593,90.389511,,,,,,,
1596,126.87481000000001,108.153756,,,,,,,
1597,113.02200199999999,90.057762,,,,,,,
1598,80.074799,25.72648,,,,,,,
1599,78.062401,,,,,,,,
1600,104.083198,133.367524,,,,,,,
1601,106.048798,140.274154,,,,,,,
1602,118.076393,,,,,,,,
1603,79.13879800000001,,,,,,,,
1604,14.0868,30.09968,,,,,,,
1605,15.116399,,,,,,,,
1606,13.7592,,,,,,,,
1607,51.246003,,,,,,,,
1608,36.972,30.09968,,,,,,,
1609,52.182002999999995,,,,,,,,
1610,28.033199,25.123279999999998,,,,,,,
1611,14.04,,,,,,,,
1612,41.137199,23.10256,,,,,,,
1613,41.090401,,,,,,,,
1614,56.16,54.137199,,,,,,,
1615,24.055201,10.163919,,,,,,,
1616,187.199998,30.069521,,,,,,,
1617,100.011597,,,,,,,,
1618,117.327598,42.5256,,,,,,,
1619,155.141998,45.17968,,,,,,,
1620,115.128006,65.11544,,,,,,,
1621,120.135605,75.098396,,,,,,,
1622,145.1736,117.382725,,,,,,,
1623,150.368393,60.108879,,,,,,,
1624,152.099999,,,,,,,,
1625,125.143204,75.06824499999999,,,,,,,
1626,94.06800100000001,90.087919,,,,,,,
1627,101.087997,,,,,,,,
1628,98.092804,,,,,,,,
1629,104.083199,,,,,,,,
1630,92.89799599999999,43.430402,,,,,,,
1631,56.066399,60.108879,,,,,,,
1632,77.032799,,,,,,,,
1633,103.568398,44.063759000000005,,,,,,,
1634,104.410797,58.148479,,,,,,,
1635,54.007197999999995,,,,,,,,
1636,60.137997,67.61872100000001,,,,,,,
1637,71.089195,60.169201,,,,,,,
1638,69.45119500000001,75.158714,,,,,,,
1639,156.826781,46.054317,,,,,,,
1640,126.079193,133.09607599999998,,,,,,,
1641,85.129197,,,,,,,,
1642,101.087998,9.108319999999999,,,,,,,
1643,94.76999699999999,,,,,,,,
1644,44.132401,,,,,,,,
1645,103.10039599999999,,,,,,,,
1647,37.018799,,,,,,,,
1648,45.068397000000004,,,,,,,,
1649,65.1456,,,,,,,,
1650,108.48239900000002,,,,,,,,
1651,171.147598,,,,,,,,
1652,56.066399,,,,,,,,
1653,130.197601,,,,,,,,
1654,91.2132,35.136398,,,,,,,
1655,117.4212,55.192802,,,,,,,
1656,148.121994,,,,,,,,
1657,110.026794,20.207199,,,,,,,
1658,105.066002,,,,,,,,
1659,105.066002,,,,,,,,
1660,105.019203,,,,,,,,
1661,100.198799,,,,,,,,
1662,105.066001,,,,,,,,
1663,114.238801,,,,,,,,
1664,60.044403,,,,,,,,
1665,135.158402,,,,,,,,
1666,85.222801,117.322395,,,,,,,
1667,50.12279899999999,155.293831,,,,,,,
1668,105.300003,129.32608,,,,,,,
1669,119.152793,150.37775599999998,,,,,,,
1670,66.268801,133.27704599999998,,,,,,,
1671,108.388801,140.213837,,,,,,,
1672,95.09759500000001,75.06824499999999,,,,,,,
1673,115.12799799999999,180.236161,,,,,,,
1674,120.088806,73.40943700000001,,,,,,,
1675,90.136795,125.25447100000001,,,,,,,
1676,52.135200999999995,117.83511999999999,,,,,,,
1677,100.105198,85.262314,,,,,,,
1678,100.10519399999998,98.834326,,,,,,,10.0464
1679,188.089203,135.26759299999998,,,,,,,15.0696
1680,60.044403,45.149521,,,,,,,
1681,135.018005,85.32263900000001,,,,,,,22.058401
1682,145.126801,170.283356,,,,,,,
1683,70.059601,65.175758,,,,,,,
1684,170.258392,48.286159,,,,,,,
1685,147.092407,142.958401,,,,,,,30.1028
1686,115.0812,50.125919,,,,,,,30.030001000000002
1687,142.131607,,,,,,,,
1688,57.517201,,,,,,,,
1689,187.153206,,,,,,,,
1690,144.190796,,,,,,,,
1691,105.066002,50.09576,,,,,,,
1692,130.103989,89.424392,,,,,,,
1693,135.673203,60.289840999999996,,,,,,,
1694,70.153198,30.09968,,,,,,,
1695,114.14520200000001,45.119358,,,,,,,
1696,90.136803,10.133759,,,,,,,
1697,100.058403,,,,,,,,
1698,60.137997,,,,,,,,
1699,150.22799700000002,,,,,,,,
1700,81.244797,,,,,,,,
1701,147.09240699999998,,,,,,,,
1702,85.222801,,,,,,,,
1703,161.22599400000001,20.177039999999998,,,,,,,
1704,80.12159700000001,,,,,,,,
1705,80.16840400000001,,,,,,,,
1706,59.997601,,,,,,,,
1707,100.058403,,,,,,,,
1708,192.16079699999997,,,,,,,,
1709,110.026794,14.205359,,,,,,,
1710,156.124817,,,,,,,,
1711,180.273591,15.08,,,,,,,
1712,111.10319500000001,,,,,,,,
1713,40.014,,,,,,,,
1714,110.073601,9.108319999999999,,,,,,,
1715,84.942003,,,,,,,,
1716,135.205197,85.50359399999999,,,,,,,
1717,144.986405,,,,,,,,
1718,110.026794,,,,,,,,
1719,100.151993,,,,,,,,
1720,188.18280899999996,100.31216400000001,,,,,,,
1721,90.090004,,,,,,,,
1722,110.167198,51.664082,,,,,,,
1723,110.120399,35.07608,,,,,,,
1724,118.12320000000001,92.34991500000001,,,,,,,
1725,113.115601,,,,,,,,
1726,120.22921000000001,,,,,,,,
1727,90.090004,,,,,,,,
1728,126.31320199999999,,,,,,,,
1729,103.053604,,,,,,,,
1730,97.063194,,,,,,,,
1731,55.0368,,,,,,,,
1732,108.061203,,,,,,,,
1733,59.997601,,,,,,,,
1734,102.02399399999999,,,,,,,,
1735,77.126397,,,,,,,,
1736,90.089996,,,,,,,,
1737,125.143204,,,,,,,,
1738,143.06759599999998,,,,,,,,
1739,147.092408,,,,,,,,
1740,131.13360600000001,,,,,,,,
1741,156.499191,,,,,,,,
1742,110.260796,,,,,,,,
1749,27.9396,131.195999,,,,,,,
1750,48.5784,,,,,,,,
1751,85.03559899999999,,,,,,,,
1752,91.166397,,,,,,,,
1753,138.013199,,,,,,,,
1754,102.117599,,,,,,,,
1755,115.127998,72.022079,,,,,,,
1756,70.106399,90.11808,,,,,,,
1757,74.692803,124.741764,,,,,,,
1759,63.133202,63.275677,,,,,,,
1760,159.120003,52.327599,,,,,,,
1761,113.02199999999999,40.112801,,,,,,,
1762,136.51559500000002,15.11016,,,,,,,
1763,92.14919599999999,,,,,,,,
1764,136.047604,,,,,,,,
1765,67.43879700000001,35.19672,,,,,,,
1766,189.259185,63.094719,,,,,,,
1767,93.038399,,,,,,,,
1768,57.142796,63.366158,,,,,,,
1769,130.150803,20.086559,,,,,,,
1770,111.805199,,,,,,,,
1771,118.02959399999999,,,,,,,,
1772,47.080799,,,,,,,,
1773,89.153992,40.082642,,,,,,,
1774,67.0644,,,,,,,,
1775,145.126801,,,,,,,,
1776,74.973606,,,,,,,,
1777,70.153199,,,,,,,,
1778,35.0532,,,,,,,,
1779,83.631597,,,,,,,,
1780,70.106392,,,,,,,,
1781,92.05560299999999,,,,,,,,
1782,99.169197,,,,,,,,
1783,110.026794,21.142159,,,,,,,
1784,68.047203,,,,,,,,
1785,65.00520300000001,9.108319999999999,,,,,,,
1786,175.219193,48.286159999999995,,,,,,68.494405,
1787,165.157196,42.31448,,,,,,,
1788,186.217193,11.068719999999999,,,,,,,
1789,125.049599,,,,,,,,
1790,116.110802,,,,,,,,
1791,122.1012,,,,,,,,
1792,86.01840200000001,,,,,,,,
1793,117.09359699999999,,,,,,,,
1794,18.0648,,,,,,,,
1795,106.001999,,,,,,,,
1796,161.225998,,,,,,,,
1797,109.980003,,,,,,,,
1798,43.056000000000004,,,,,,,,
1799,98.092804,,,,,,,,
1800,120.182396,,,,,,,,
1801,39.077999,,,,,,,,
1802,80.121597,,,,,,,,
1803,128.091599,,,,,,,,
1804,147.139206,,,,,,,,
1805,147.607193,,,,,,,,
1806,125.143203,,,,,,,,
1807,108.061195,,,,,,,,
1808,62.009997999999996,,,,,,,,
1809,188.136002,,,,,,,,
1810,85.082397,,,,,,,,
1811,110.073601,,,,,,,,
1812,170.117997,,,,,,,,
1813,70.059601,,,,,,,,
1814,170.07119799999998,,,,,,,,
1815,134.175613,,,,,,,,
1816,236.667587,,,,,,,,
1819,104.13000500000001,,,,,,,,
1820,182.98800599999998,,,,,,,,
1821,330.31442400000003,69.337838,,,,,,,
1822,90.043198,30.069521,,,,,,,
1823,77.220001,,,,,,,,
1824,75.16079,,,,,,,,
1825,103.147202,,,,,,,,
1826,141.429596,,,,,,,,
1827,68.1408,,,,,,,,
1828,63.179997,,,,,,,,
1829,36.082798,,,,,,,,
1830,133.941597,40.052479,,,,,,,
1831,54.054001,65.11544,,,,,,,
1832,92.05560299999999,80.13511700000001,,,,,,,
1833,192.441597,30.129841,,,,,,,
1834,45.021599,45.05904,,,,,,,
1835,66.97080199999999,50.125919,,,,,,,
1837,193.424392,,,,,,,,
1838,105.019203,,,,,,,,
1839,92.008789,120.097122,282.089813,,,,,,
1840,200.210403,80.13511700000001,288.432144,,,,,,
1841,154.15919399999999,65.055122,285.116821,,,,,,
1842,133.660801,,,,,,,,
1843,48.672001,,,,,,,,
1844,70.05960099999999,100.101036,,,,,,,
1845,114.89399700000001,,,,,,,,
1846,63.039597,,,,,,,,
1847,91.868395,9.13848,,,,,,,
1848,60.465601,15.08,,,,,,,
1849,123.177597,,,,,,,,
1850,117.093597,,,,,,,,
1851,180.13320199999998,,,,,,,,
1852,97.063194,,,,,,,,
1853,47.174401,,,,,,,,
1854,137.217591,9.01784,,,,,,,
1855,128.13839299999998,,,,,,,,
1856,128.138395,,,,,,,,
1857,101.649598,,,,,,,,
1858,107.265602,30.009201,,,,,,,
1859,105.019203,,,,,,,,
1860,99.0756,,,,,,,,
1861,89.060402,,,,,,,,
1862,99.216003,31.42672,,,,,,,
1863,85.550399,58.057999,,,,,,,
1864,36.129601,32.09024,,,,,,,
1865,55.130398,23.162879999999998,,,,,,,
1866,220.193996,118.528805,,,,,,,
1867,119.33999700000001,90.630806,,,,,,,
1868,105.066002,30.431441,278.053802,,,,,,
1869,115.0812,,278.101837,,,,,,
1870,137.03041100000002,78.114403,,,,,,,
1871,160.149598,20.11672,,,,,,,
1872,115.0812,,,,,,,,
1873,122.14799500000001,,,,,,,,
1874,108.014397,,,,,,,,
1875,130.057205,30.09968,,,,,,,
1876,81.1512,9.108319999999999,,,,,,,
1877,90.13679499999999,80.044632,,,,,,,
1878,75.113999,,,,,,,,
1879,89.107195,,,,,,,,
1880,70.199997,,,,,,,,
1881,161.69399700000002,,,,,,,,
1882,149.245197,,,,,,,,
1883,100.151992,,,,,,,,
1884,124.25399800000001,,,,,,,,
1885,122.147995,,,,,,,,
1886,145.126801,,,,,,,,
1887,170.11799599999998,,,,,,,,
1888,110.12039999999999,,,,,,,,
1889,131.086808,,,,,,,,
1890,57.1428,,,,,,,,
1891,113.021995,,,,,,,,
1892,104.972397,,,,,,,,
1893,140.166,,,,,,,,
1894,92.055603,,,,,,,,
1895,120.32279999999999,,,,,,,,
1896,156.124801,,,,,,,,
1897,119.19960099999999,,,,,,,,
1898,15.069598999999998,,,,,,,,
1899,80.12159700000001,,,,,,,,
1900,88.124405,4.13192,,,,,,,
1901,14.04,25.032799,,,,,,,
1902,160.149598,,,,,,,,
1903,121.118401,,,,,,,,
1904,133.145996,,,,,,,,
1905,96.080399,,,,,,,,
1906,162.39599300000003,,,,,,,,
1907,113.864403,,,,,,,,
1908,175.07879599999998,,,,,,,,
1909,145.07998700000002,35.07608,,,,,,,
1910,30.0924,,,,,,,,
1911,115.034401,,,,,,,,
1912,165.45983900000002,,,,,,,,
1913,97.144325,,,,,,,,
1914,118.15439599999999,,,,,,,,
1915,161.091842,22.137439999999998,385.008668,,,,,,
1916,176.772957,36.3428,293.188919,,,,,,
1917,194.24494900000002,,280.215942,,,,,,
1918,127.15248100000001,,,,,,,,
1919,63.073917,10.133759,,,,,,,
1920,48.004321999999995,,,,,,,,
1921,137.15519700000002,,,,,,,,
1922,77.095199,,,,,,,,
1923,98.0616,55.102321999999994,,,,,,,
1924,82.07472,25.06296,,,,,,,
1925,75.129601,,,,,,,,
1926,90.111839,,,,,,,,
1927,15.025920000000001,35.136398,,,,,,,
1928,120.032631,30.09968,,,,,,,
1929,40.01088,,,,,,,,
1930,32.061119,,,,,,,,
1931,30.095518000000002,,,,,,,,
1932,90.068153,55.132477,,,,,,,
1933,71.766238,,,,,,,,
1934,149.123535,,,,,,,,
1935,101.119202,,,,,,,,
1936,16.07424,,,,,,,,
1937,118.06703999999999,,,,,,,,
1938,72.115685,,,,,,,,
1939,69.189117,,,,,,,,
1940,49.096318,35.106239,,,,,,,
1941,68.053436,,,,,,,,
1942,68.053436,,,,,,,,
1943,63.991199,,,,,,,,
1944,58.094402,80.104958,,,,,,,
1945,13.104,,,103.034882,,,,,
1947,90.06815300000001,,,,,,,,
1948,10.221119999999999,,,25.132641,,,,,
1949,62.069275,,,,,,,,
1950,173.103836,,,,,,,,
1951,66.175194,,,,,,,,
1952,102.080162,,0.144144,,,,,,
1953,46.12608,,,,,,,,
1954,118.37279899999999,39.238163,,,,,,,
1955,107.05967700000001,40.142956,,,,,,,
1956,105.006721,15.11016,,,,,,,
1957,65.126884,10.194078999999999,,,,,,,
1958,123.308644,150.106322,0.96096,,,,,,
1959,81.070076,128.692722,,,,,,,
1960,95.13504,,,,,,,,
1961,70.1064,,,,,,,,
1962,140.038086,,,,,,,,
1963,115.3151926094,,,,,,,,
1964,50.057281,,,,,,,,
1965,72.159362,65.145599,,,,,,,
1966,65.12687700000001,,,,,,,,
1967,55.080479000000004,60.139042,,,,,,,
1968,55.080479000000004,,,,,,,,
1969,20.049120000000002,20.207199,,,,,,,
1970,81.157445,,,,,,,,
1971,110.160965,,,,,,,,
1972,45.034077,40.142956,,,,,,,
1973,40.098240000000004,,,,,,,,
1974,75.085915,64.240799,,,,,,,
1975,99.50303600000001,100.764565,,,,,,102.762401,
1976,115.14048000000001,30.129841,,,,,,95.244248,
1980,13.060319999999999,,,,,,,,
1981,10.0464,,,,,,,,
1982,45.208797000000004,88.12751700000001,,,,,,,
1983,151.132797,,,,,,,,
1984,98.192642,,,,,,,,
1985,97.056961,,,,,,,,
1986,135.058548,,,,,,,,
1987,98.0616,,,,,,,,
1988,115.05311599999999,,,,,,,,
1989,164.49888499999997,,,,,,,,
1990,121.99823,15.140320000000001,,,,,,,
1991,98.105286,,,,,,,,
1992,145.716472,,,,,,,,
1993,156.068634,,,,,,,,
1994,55.124157000000004,153.33344799999998,,,,,,,
1995,84.127678,20.146879000000002,,,,,,,
1996,119.07167899999999,,,,,,,,
1997,175.244156,,,,,,,,
1998,105.094078,,,,,,,,
1999,100.070877,,,,,,,,
2000,120.119995,27.174159999999997,,,,,,,
2001,39.18096,,,,,,,,
2002,150.128141,20.177039999999998,,,,,,,
2003,104.91935600000001,,,,,,,,
2004,118.11071799999999,,,,,,,,
2005,135.058563,,,,,,,,
2006,181.184631,,,,,,,,
2007,123.133927,4.10176,,,,,,,
2008,140.212814,,,,,,,,
2009,112.0392,,,,,,,,
2011,88.058876,,,,,,,,
2012,116.014076,,,,,,,,
2013,117.193443,40.112801,,,,,,,
2014,124.18223599999999,15.17048,,,,,,,
2015,111.165598,15.11016,,,,,,,
2016,93.125755,,,,,,,,
2017,111.209274,13.08944,,,,,,,
2018,87.054237,12.184641000000001,,,,,,,
2019,121.168319,,,,,,,,
2020,67.136154,90.148239,,,,,,,
2021,14.064960000000001,100.101036,,,,,,,
2022,40.054562000000004,,,,,,,,
2023,,36.161839,,,,,,,
2024,75.260635,,,,,,,,
2025,62.112957,10.163919,,,,,,,
2026,56.085117000000004,,,,,,,,
2027,13.060319999999999,33.175999,,,,,,,
2028,55.124157,19.091279999999998,,,,,,,
2029,59.142723000000004,,,,,,,,
2030,53.11488,,,,,,,,
2032,79.148155,,,,,,,,
2033,65.03952100000001,30.039358,,,,,,,
2034,103.084801,,,,,,,,
2035,80.28384399999999,95.30560299999999,,,,,,,
2036,90.155517,21.081839000000002,,,,,,,
2037,74.124962,,,,,,,,
2038,13.016639999999999,25.093119,,,,,,,
2039,21.053760999999998,,,,,,,,
2040,44.116802,15.140320000000001,,,,,,,
2041,40.666078,20.146879000000002,,,,,,,
2042,68.053436,,,,,,,,
2044,27.037917999999998,,,,,,,,
2045,32.061119,,,,,,,,
2046,116.014073,,,,,,,,
2047,68.09712199999998,,,,,,,,
2048,128.899673,10.133759,,,,,,,
2049,138.11614999999998,,,,,,,,
2050,144.14399799999998,27.807519,,,,,,,
2051,119.159042,,,,,,,,
2052,116.014076,,,,,,,,
2053,164.10575899999998,,,,,,,,
2054,60.016315000000006,45.149521,,,,,,,
2055,74.037598,,,,,,,,
2056,206.38799999999998,20.719919,,,,,,,
2057,30.051840000000002,,,,,,,,
2058,51.06192,26.118561,,,,,,,
2059,126.104164,,,,,,,,
2060,100.027199,,,,,,,,
2061,248.102394,,,,,,,,
2062,125.79840499999999,,,,,,,,
2063,152.355835,,,,,,,,
2064,135.18959,,,,,,,,
2065,140.08175699999998,,,,,,,,
2066,155.10768199999998,,,,,,,,
2067,160.043518,,,,,,,,
2068,154.10304200000002,46.205119999999994,,,,,,,
2069,85.132317,,,,,,,,
2070,105.0504,60.139042,,,,,,,
2071,16.07424,,,,,,,,
2072,77.13887700000001,20.146879000000002,,,,,,,
2073,55.080479000000004,20.177039999999998,,,,,,,
2074,61.152001000000006,,,,,,,,
2075,13.060319999999999,,,,,,,,
2076,72.115678,,,,,,,,
2077,83.996635,,,,,,,,
2078,34.0704,,,,,,,,
2079,77.051521,69.217202,,,,,,,
2080,28.173599000000003,80.316086,,,,,,,
2081,69.10176100000001,50.035441999999996,,,,,,,
2082,69.887993,75.128555,,,,,,,
2083,79.41023200000001,,,,,,,,
2084,13.0603199005,,,,,,,,
2085,98.061592,10.22424,,,,,,,
2086,110.073601,,,,,,,,
2087,103.215836,,,,,,,,
2088,100.070877,,,,,,,,
2089,110.029922,11.12904,,,,,,,
2090,105.0504,,,,,,,,
2091,103.084801,,,,,,,,
2092,187.168793,,,,,,,,
2093,93.125755,15.17048,,,,,,,
2094,85.175995,,,,,,,,
2095,78.187203,,,,,,,,
2096,42.107517,,,,,,,,
2097,131.258398,34.291919,,,,,,,
2098,90.15551800000001,,,,,,,,
2099,60.103680000000004,,,,,,,,
2100,85.088638,,,,,,,,
2101,55.0368,19.091279999999998,,,,,,,
2102,79.978081,,,,,0.13727999999999999,,,
2104,4.01856,,90.138054,40.069122,,78.078002,,,
2105,,,97.008911,58.046562,,81.132492,,,
2106,4.06224,,95.375282,113.231044,,68.434087,5.035472,,
2107,9.08544,,93.165077,82.150638,,99.219122,8.49004,,
2108,11.051039999999999,,93.213127,92.570401,,63.04584499999999,1.053936,,
2109,7.0324800000000005,,93.11702700000001,43.244242,,73.170247,,,
2110,3.10128,,93.165077,56.07888,,91.42848699999999,0.234208,,
2111,67.092476,,,,,13.075921000000001,,,
2112,33.065762,,,,,,,,
2113,111.121925,,,,,,,,
2114,45.121437,,,,,34.011124,,,
2115,35.075039000000004,,,,,15.066482,,,
2116,75.216965,,,,,,,,
2117,20.049120000000002,,,,,,,,
2118,95.047676,,,,,,,,
2119,84.215042,,,,,,,,
2120,15.11328,,,,,65.0364,,,
2121,80.152794,,,,,,,,
2122,30.051840000000002,,,,,,,,
2123,115.184166,,,,,,,,
2124,125.099514,,,,,,,,
2125,98.10528599999999,,,,,,,,
2126,99.02256,,,,,,,,
2127,126.497272,,,,,25.0536,,,
2128,121.08095500000002,,,,,,,,
2129,86.093284,,,,,,,,
2130,127.065117,,,,,,,,
2131,116.10144,,,,,,,,
2132,25.072321,,,,,,,,
2133,63.991198999999995,,,,,50.072884,,,
2134,100.114563,,,,,145.139283,,,
2135,105.967674,,,,,30.064322999999998,,,
2136,25.072321,,,,,,,,
2137,96.227035,72.23320000000001,,,,,,,
2138,92.033761,69.217201,,,,,,,
2139,105.0504,,,,,59.476566000000005,,,
2140,50.057281,,,,,,,,
2141,93.16943799999999,,,,,,,,
2142,20.00544,,,,,,,,
2143,53.071197999999995,,,,,,,,
2144,54.032162,,,,,,,,
2145,65.03952,,,,,,,,
2146,84.127678,,,,,,,,
2147,95.047676,,,,,,,,
2148,85.088638,,,,,,,,
2149,110.248314,,,,,,,,
2150,100.37663900000001,,,,,8.16816,,,
2151,145.236007,,,,,,,,
2152,130.122727,20.237358999999998,,,,,,,
2153,145.148636,10.133759,,,,,,,
2154,110.117271,10.133759,,,,,,,
2155,125.88575799999998,,,,,,,,
2156,49.008961,,,,,,,,
2157,121.124634,,,,,,,,
2158,79.017128,,,,,,,,
2159,112.257604,,,,,,,,
2160,95.13504,,,,,,,,
2161,64.122238,,,,,,,,
2162,165.110398,,,,,,,,
2163,75.042236,,,,,,,,
2164,87.09792300000001,,,,,,,,
2165,94.130394,10.07344,,,,,,,
2166,152.13743499999998,,,,,,,,
2167,102.12384,,,,,,,,
2168,94.130394,50.125919,,,,,,,
2169,110.073593,,,,,,,,
2170,95.222397,,,,,,,,
2171,100.332961,20.207199,,,,,,,
2172,72.071999,55.072159,,,,,,,
2173,113.218552,,,,,,,,
2174,97.100639,55.192802,,,,,,,
2175,102.03647600000001,30.09968,,,,,,,
2176,100.114563,55.16264,,,,,,,
2177,100.070877,25.093119,,,,,,,
2178,173.322236,30.129841,,,,,,,
2179,183.106567,38.092079,,,,,,,
2180,85.04496,40.112801,,,,,,,
2181,167.51280200000002,,,,,,,,
2182,116.057755,10.194078999999999,,,,,,,
2183,112.213913,,,,,,,,
2184,144.14399699999998,10.133759,,,,,,,
2185,138.421921,10.133759,,,,,,,
2186,140.16911499999998,10.133759,,,,,,,
2187,145.061279,18.096001,,,,,,,
2188,146.06591799999998,10.133759,,,,,,,
2189,100.114563,16.105439999999998,,,,,,,
2190,123.17759699999999,20.177041,,,,,,,
2191,167.163346,,,,,,,,
2192,118.067039,31.0648,,,,,,,
2193,112.0392,,,,,,,,
2194,36.079678,56.127762,,,,,,,
2199,147.85679699999997,,,,,38.198162,,,
2200,169.216308,,,,,,,,
2201,120.163681,,,,,,,,
2202,110.11728699999999,,,,,,,,
2203,106.229759,,,,,,,,
2204,93.169434,,,,,180.45457499999998,,,
2205,,85.111519,,,,,,,
2206,54.075835999999995,50.246559000000005,,,,,,,
2207,30.051840000000002,100.282005,,,,,,,
2208,91.203842,83.2416,,,,,,,
2209,85.088639,136.293045,,,,,,,
2210,101.119202,103.177353,,,,,,,
2211,50.144642,,,,,,,,
2212,77.051521,,,,,,,,
2213,149.16719,,,,,,,,
2220,69.058075,,,,,,,,
2221,105.0504,,,,,,,,
2222,100.070877,,,,,,,,
2223,25.989599,,,,,,,,
2224,118.067039,,,,,,,,
2225,46.038719,,,,,,,,
2226,48.091677999999995,,,,,,,,
2227,82.031036,,,,,,,,
2228,14.064960000000001,,,,,,,,
2229,97.144318,,,,,,,,
2230,158.121598,,,,,,,,
2231,,20.62944,,,,,,,
2232,116.145119,,,,,,,,
2233,163.18847699999998,,,,,,,,
2234,100.11455799999999,,,,,,,,
2235,32.017441,15.26096,,,,,,,
2237,37.08432,,,,,,,,
2239,58.70591700000001,,,,,,,,
2240,17.078879999999998,13.21008,,,,,,,
2241,93.038399,,,,,,,,
2242,55.080479000000004,,,,,,,,
2243,58.05072,,,,,,,,
2244,35.075039000000004,,,,,,,,
2245,105.094078,,,,,,,,
2246,128.157119,,,,,,,,
2247,85.088638,,,,,,,,
2248,112.08288600000002,,,,,,,,
2249,93.038399,,,,,,,,
2250,115.05311599999999,,,,,,,,
2251,112.08288600000002,,,,,,,,
2252,72.115684,,,,,,,,
2253,81.157433,,,,,,,,
2254,98.49839999999998,12.15448,,,,,,,
2255,128.113433,,,,,,,,
2256,94.043037,,,,,,,,
2257,88.14624,15.17048,,,,,,,
2258,87.054237,,,,,,,,
2259,152.88000399999999,,,,,,,,
2260,106.142402,30.129841,,,,,,,
2261,105.094078,30.250481,,,,,,,
2262,69.27648099999999,,,,,,,,
2263,181.315689,,,,,,,,
2264,100.20192,,,,,,,,
2265,138.465607,,,,,,,,
2266,109.199997,,,,,,,,
2267,102.08016399999998,,,,,,,,
2268,209.227204,,,,,,,,
2269,100.070877,,,,,,,,
2270,80.065437,21.65488,,,,,,,
2271,93.082077,,,,,,,,
2272,45.077759,32.271202,,,,,,,
2273,34.0704,,,,,,,,
2274,209.096161,,,,,,,,
2275,103.128479,,,,,,,,
2276,95.004005,,,,,,,,
2277,76.04688300000001,,,,,,,,
2279,118.198082,9.16864,,,,,,,
2280,155.588148,37.126961,,,,,,,
2281,99.240959,39.147678000000006,,,,,,,
2282,81.20112599999999,60.139042,,,,,,,
2283,23.06304,15.2308,,,,,,,
2284,93.082077,24.128,,,,,,,
2285,82.162079,47.170238,,,,,,,
2286,149.210877,,,,,,,,
2287,155.195038,,,,,,,,
2288,115.096802,32.271198999999996,,,,,,,
2289,84.215042,17.10072,,,,,,,
2290,127.239837,18.27696,,,,,,,
2291,75.173278,50.005282,,,,,,,
2292,82.24943499999999,105.288566,,,,,,,
2293,108.10801000000001,75.098396,,,,,,,
2294,51.06192,15.20064,,,,,,,
2295,58.007038,120.097122,,,,,,,
2296,52.153916,48.16552,,,,,,,
2297,14.021279000000002,,,,,,,,
2298,24.024,110.38559900000001,,,,,,,
2299,33.10944,55.16264,,,,,,,
2300,157.116959,20.146879000000002,,,,,,,
2301,120.07631699999999,9.16864,,,,,,,
2302,66.000473,,,,,,,,
2303,126.191528,42.344638,,,,,,,
2304,101.119201,,,,,,,,
2305,45.077759,,,,,,,,
2306,69.10176100000001,95.36592100000001,,,,,,,
2307,105.0504,,,,,,,,
2308,99.109924,16.135599,,,,,,,
2309,95.047676,81.160561,,,,,,,
2310,63.073918,51.091042,,,,,,,
2311,101.07552,41.258881,,,,,,,
2312,200.010735,52.1768,,,,,,,
2313,82.031044,,,,,,,,
2314,107.05967700000001,,,,,,,,
2315,119.071683,99.708957,,,,,,,
2316,95.178719,40.263597,,,,,,,
2317,178.520155,,,,,,,,
2318,90.111839,9.681360000000002,,,,,,,
2319,13.060319999999999,,,,,,,,
2320,104.045761,,,,,,,,
2321,99.197273,,,,,,,,
2322,172.273911,,,,,,,,
2323,114.13584200000001,,,,,,,,
2324,115.053116,9.108319999999999,,,,,,,
2325,151.83168,20.177039999999998,,,,,,,
2326,68.970719,15.11016,,,,,,,
2327,131.127365,65.115441,,,,,,,
2328,70.062721,20.207199,,,,,,,
2329,114.048477,,,,,,,,
2330,186.29519699999997,23.494639999999997,,,,,,,
2331,119.071678,10.133759,,,,,,,
2332,139.20816,45.149521,,,,,,,
2333,124.09488700000001,60.139042,,,,,,,
2334,152.09375,50.035441999999996,,,,,,,
2335,147.987839,18.126160000000002,,,,,,,
2336,188.217117,21.142159,,,,,,,
2337,92.03376,30.129841,,,,,,,
2338,90.068153,,,,,,,,
2339,71.06736000000001,,,,,,,,
2340,105.094078,,,,,,,,
2341,91.116478,,,,,,,,
2342,122.34767900000001,,,,,,,,
2343,105.137757,,,,,,,,
2344,82.249435,42.374798999999996,,,,,,,
2345,80.3712,,,,,,,,
2346,80.109123,22.07712,,,,,,,
2347,79.978081,,,,,,,,
2348,80.065437,45.119358,,,,,,,
2349,136.01951599999998,,,,,,,,
2350,78.09983799999999,,,,,,,,
2351,82.249438,,,,,,,,
2352,93.693596,9.13848,,,,,,,
2353,130.122726,,,,,,,,
2354,120.207359,,,,,,,,
2355,120.251037,,,,,,,,
2357,128.06976300000002,,,,,,,,
2358,94.130394,,,,,,,,
2359,90.068154,,,,,,,,
2361,74.081276,170.886566,,,,,,,
2362,,123.233764,,,,,,,
2363,56.085118,95.18496699999999,,,,,,,
2364,,100.67407200000001,,,,,,,
2365,53.02751899999999,45.481279,,,,,,,
2366,45.33984,72.142723,,,,,,,
2371,152.09375,,,,,,,,
2372,131.127365,,,,,,,,
2374,30.095518,51.272003000000005,,,,,,,
2375,25.072321,,,,,,,,
2376,109.50576000000001,,,,,,,,
2377,45.077759,40.203281,,,,,,,
2378,50.974560000000004,75.400001,,,,,,,
2379,95.13504,,,,,,,,
2380,90.155517,,,,,,,,
2381,70.193764,30.09968,,,,,,,
2382,93.125763,75.43016,,,,,,,
2383,90.06815300000001,,,,,,,,
2384,74.998558,30.22032,,,,,,,
2385,90.111839,,,,,,,,
2386,72.159355,45.270161,,,,,,,
2387,94.436158,47.954398,,,,,,,
2394,121.080956,,,,,,,,
2395,135.014878,,,,,,,,
2396,120.07631699999999,32.361678999999995,,,,,,,
2397,122.12927299999998,,,,,,,,
2398,148.118881,24.610559000000002,,,,,,,
2399,121.16832600000001,,,,,,,,
2400,114.048477,,,,,,,,
2401,102.167519,,,,,,,,
2402,142.222077,11.1592,,,,,,,
2403,166.202392,,,,,,,,
2404,83.21039999999999,111.41103400000001,,,,,,,
2405,79.148163,20.11672,,,,,,,
2406,121.25568399999999,,,,,,,,
2407,115.227844,,,,,,,,
2408,55.124157,25.123279999999998,,,,,,,
2409,43.112159,,,,,,,,
2410,70.193764,50.2164,,,,,,,
2411,43.024799,60.078716,,,,,,,
2412,102.12384,,,,,,,,
2413,107.015999,15.2308,,,,,,,
2414,106.44816600000001,,,,,,,,
2415,47.08704,,,,,,,,
2416,90.373925,95.36592099999999,,,,,,,
2417,55.997762,60.229518999999996,,,,,,,
2418,80.021759,72.08239400000001,,,,,,,
2419,95.178718,30.09968,,,,,,,
2420,85.04496,60.078716,,,,,,,
2421,97.58111600000001,30.069521,,,,,,,
2422,60.103680000000004,35.07608,,,,,,,
2423,45.077759,65.055122,,,,,,,
2424,64.995834,,,,,,,,
2425,79.978081,15.17048,,,,,,,
2426,55.036801,30.09968,,,,,,,
2427,15.11328,30.09968,,,,,,,
2428,45.077759,,,,,,,,
2429,85.00128199999999,30.16,,,,,,,
2430,90.06815300000001,,,,,,,,
2431,155.151367,25.123279999999998,,,,,,,
2432,105.094079,15.140320000000001,,,,,,,
2433,135.102234,115.301682,,,,,,,
2434,59.099041,,,,,,,,
2435,57.089763999999995,,,,,,,,
2436,76.265274,,,,,,,,
2437,104.133118,,,,,,,,
2438,124.31327800000001,,,,,,,,
2439,136.63103900000002,,,,,,,,
2440,83.210395,13.1196,,,,,,,
2441,138.11615,19.121441,,,,,,,
2442,140.125442,,,,,,,,
2443,74.124962,,,,,,,,
2444,77.70671899999999,,,,,,,,
2445,121.386727,71.147438,,,,,,,
2447,145.06127899999998,31.094959000000003,,,,,,,
2448,129.03071599999998,24.097839,,,,,,,
2449,132.08831800000002,,,,,,,,
2450,171.225587,,,,,,,,
2451,13.016639999999999,,,,,,,,
2452,126.14783499999999,20.086559,,,,,,,
2453,118.154396,,,,,,,,
2454,86.00591999999999,70.84584100000001,,,,,,,
2455,192.235672,,,,,,,,
2456,110.073601,15.26096,,,,,,,
2457,139.16449,,,,,,,,
2458,105.094078,15.20064,,,,,,,
2459,88.058876,,,,,,,,
2460,67.179832,10.1036,,,,,,,
2461,108.32640200000002,13.21008,,,,,,,
2462,116.101441,10.133759,,,,,,,
2463,126.01679999999999,175.50103699999997,,,,,,,
2464,91.990081,107.46007499999999,,,,,,,43.862003
2465,100.070877,75.128555,,,,,,,48.193606
2466,147.201599,120.36855299999999,,,,,,,25.1888
2467,119.11535699999999,103.35832199999999,,,,,,,42.0784
2468,135.058548,148.176082,,,,,,,63.0448
2470,115.053116,115.09056,,,,,,,11.3568
2471,150.171829,102.18208299999999,,,,,,,63.0448
2472,140.125443,156.13832100000002,,,,,,,39.967201
2473,165.85296100000002,23.132721,,,,,,,
2474,78.01248199999999,55.011837,,,,,,,
2475,137.155197,18.096,,,,,,,
2476,88.18991899999999,,,,,,,,
2477,144.318726,,,,,,,,
2478,122.08560900000002,,,,,,,,
2479,100.158234,,,,,,,,
2480,83.123039,,,,,,,,
2481,84.215035,,,,,,,,
2482,102.080162,,,,,,,,
2483,119.988952,10.07344,,,,,,,
2484,126.06047899999999,11.03856,,,,,,,
2485,147.201599,42.103359000000005,,,,,,,
2486,35.075039000000004,,,,,,,,
2487,74.037598,85.413121,,,,,,,
2488,13.104000000000001,37.066639,,,,,,,
2489,67.136162,,,,,,,,
2490,126.06048599999998,,,,,,,,
2492,170.046235,,,,,,,,
2493,122.172958,,,,,,,,
2494,75.042236,,,,,,,,
2495,89.150879,,,,,,,,
2496,114.179527,,,,,,,,
2497,94.08672299999999,9.048,,,,,,,
2498,118.11071700000001,,,,,,,,
2499,110.160958,50.00528,,,,,,,
2500,83.16671,61.224798,,,,,,,
2501,172.75441,198.452789,254.462219,,,,,,
2502,100.55135399999999,160.330566,260.179932,,,,,,
2503,127.676638,47.3512,,,,,,,
2504,87.097924,,,,,,,,
2505,108.10799399999999,68.252083,,,,,,,
2506,130.079041,75.369835,235.194977,,,,,,
2507,140.169129,135.358078,250.185944,,,,,,
2508,175.63727500000002,219.86641,268.348081,,,,,,
2509,106.142395,,,,,,,,
2510,102.167519,,,,,,,,
2511,85.088638,93.134079,,,,,,,
2512,30.095518,,,,,,,,
2513,110.160965,45.089199,,,,,,,
2514,106.142401,60.048561,,,,,,,
2515,49.620479,30.09968,,,,,,,
2516,48.87792,100.040726,,,,,,,
2517,26.339040999999998,41.077923,0.528528,,,,,,
2518,135.189595,101.156639,,,,,,,
2519,86.835838,97.989833,,,,,,,
2520,170.220963,115.30168099999999,,,,,,,
2521,108.239037,75.128555,,,,,,,
2522,49.052639,,,,,,,,
2523,126.060471,67.19648000000001,,,,,,,
2524,100.070877,20.146879000000002,,,,,,,
2525,89.107193,,,,,,,,
2526,162.44591900000003,,,,,,,,
2527,105.094079,88.097359,,,,,,,
2528,157.24798600000003,12.124319999999999,,,,,,,
2529,104.875679,55.102321999999994,,,,,,,
2530,155.151364,9.01784,,,,,,,
2531,141.042711,15.140320000000001,,,,,,,
2532,122.085597,,,,,,,,
2533,93.25679600000001,57.09288000000001,,,,,,,
2534,73.12032300000001,76.093674,,,,,,,
2535,33.10944,,,,,,,,
2536,36.036,,,,,,,,
2537,29.178240000000002,17.130879999999998,,,,,,,
2538,89.150879,125.163997,,,,,,,
2539,56.21616,105.137756,,,,,,,
2540,35.118717000000004,,,,,,,,
2541,45.995041,120.157432,,,,,,,
2542,43.11216,71.11727900000001,,,,,,,
2543,53.071197,25.032799,,,,,,,
2544,84.957596,,,,,,,,
2545,90.985436,,,,,,,,
2546,98.06159199999999,,,,,,,,
2547,92.601593,25.032799,,,,,,,
2548,134.752792,,,,,,,,
2549,101.031837,,,,,,,,
2550,86.00591999999999,30.009201,,,,,,,
2551,55.080479000000004,,,,,,,,
2552,60.016315000000006,,,,,,,,
2553,97.05695300000001,52.056156,,,,,,,
2554,97.144318,30.069521,,,,,,,
2555,137.155212,,,,,,,,
2556,52.110241,,,,,,,,
2557,108.37004100000001,,,,,,,,
2558,91.422234,,,,,,,,
2559,38.962563,,,,,,,,
2560,77.13887700000001,3.98112,,,,,,,
2561,164.19311499999998,,,,,,,,
2562,18.43296,,96.096001,43.020641,,67.4388,11.417641,,
2563,5.1105599999999995,,93.165077,,,53.196003,32.847674,,
2564,8.211839999999999,,94.126038,,,61.638725,12.354472999999999,,
2565,,,96.192101,,,73.61640700000001,12.354472999999999,,
2566,2.0966400000000003,,95.27919,47.224323,,3.0201569999999998,9.134113000000001,,
2567,18.301920000000003,,96.288193,,15.132,73.30752600000001,,,
2568,7.338239999999999,,96.24015,,,,8.490041,,
2569,,,100.180092,,,60.197281000000004,,,
2570,32.279522,,,,,44.307125,9.017009,,
2571,13.060319999999999,,,,,120.188644,,,
2572,60.191044,,,,,40.326001,,,
2573,133.049271,,,,,,,,
2574,141.173752,,,,,15.169441,,,
2575,10.133759,,,,,70.356011,,,
2576,35.075039000000004,,,,,45.233757,,,
2577,65.03952,,,,,20.145842000000002,,,
2578,55.080479000000004,,,,,,,,
2579,80.065437,,,,,,,,
2580,112.21392800000001,,,,,20.145842000000002,,,
2581,75.129601,,,,,,,,
2582,15.15696,,,,,22.308003,,,
2583,42.107521000000006,75.038079,,,,25.156559,,,
2584,98.105286,,,,,,,,
2585,101.16287899999999,,,,,,,,
2586,103.04111400000001,,,,,,,,
2587,99.939842,,,,,,,,
2588,98.017921,,,,,,,,
2589,101.075516,,,,,,,,
2590,114.09216299999999,,,,,,,,
2591,34.900318000000006,110.084,,,,0.9952799999999999,,,
2592,35.03136,40.052479,,,,0.034319999999999996,,,
2593,22.102079,72.203041,,,,,,,
2594,10.090079,73.92215900000001,,,,,,,
2595,20.180159,,,,,,,,
2596,13.060319999999999,108.24423999999999,,,,,,,
2597,28.086240999999998,19.1516,,,,,,,
2598,34.201439,125.19416000000001,,,,,,,
2599,61.064636,,,,,,,,
2600,30.75072,,,,,,,,
2601,100.027199,,,,,,,,
2602,100.114563,,,,,,,,
2603,120.119995,,,,,,,,
2604,165.19775399999997,,,,,,,,
2605,102.080162,,,,,,,,
2606,181.40303999999998,,,,,,,,
2607,102.12384,,,,,,,,
2608,55.997761,,,,,,,,
2609,100.070877,88.097359,,,,,,,
2610,103.041128,,,,,,,,
2611,108.064323,,,,,,,,
2612,116.10144,,,,,,,,
2613,144.05664099999998,,,,,,,,
2614,172.09919699999998,18.27696,,,,,,,
2615,214.59993000000003,,,,,,,,
2616,111.252952,,,,,,,,
2617,140.649602,,,,,,,,
2618,164.19311599999997,,,,,,,,
2619,161.92176,,,,,,,,
2620,90.111839,,,,,,,,
2621,78.099839,9.108319999999999,,,,,,,
2622,55.167839,30.340960000000003,,,,,,,
2623,56.085121,52.146640999999995,,,,,,,
2630,30.008158,,,,,,,,
2631,117.32448600000001,,,,,,,,
2632,90.11184,45.119358,,,,,,,
2633,104.526238,80.285927,,,,,,,
2634,78.886078,68.37271899999999,,,,,,,
2635,79.01712099999999,90.11807999999999,,,,,,,
2636,95.26608300000001,30.009201,,,,,,,
2637,90.242882,39.781040000000004,,,,,,,
2638,82.424156,22.861279999999997,,,,,,,
2639,120.032646,,,,,,,,
2640,114.878402,,,,,,,,
2641,115.62096299999997,,,,,,,,
2642,119.07167799999999,,,,,,,,
2643,107.05967700000001,,,,,,,,
2644,95.004005,,,,,,,,
2645,84.608157,,,,,,,,
2646,137.111526,,,,,,,,
2647,121.34303299999999,41.138241,,,,,,48.001203000000004,
2648,170.220962,50.729122000000004,,,,,,48.001203000000004,
2649,102.822722,45.933676999999996,,,,,,53.652561999999996,
2650,125.92943700000001,32.060081,,,,,,48.089603000000004,
2651,103.477921,15.08,,,,,,48.089603000000004,
2652,90.02448299999999,,,,,,,48.001202,
2653,70.150078,130.200714,,,,,,,
2654,20.00544,18.035681,,,,,,,
2655,123.133926,61.074001,,,,,,,
2656,66.13152099999999,,,,,,,,
2657,23.06304,85.563919,,,,,,,
2658,50.013599,75.06824499999999,,,,,,,
2659,64.253281,19.03096,,,,,,,
2660,83.166717,69.096558,,,,,,,
2661,105.05040000000001,,,,,,,,
2662,40.054562,,,,,,,,
2663,82.205757,45.089199,,,,,,,
2664,62.156639,,,,,,,,
2665,13.060319999999999,,,,,,,,
2666,48.048,,,,,,,,
2667,35.162399,,,,,,,,
2668,20.00544,,,,,,,,
2669,50.144642,,,,,,,,
2670,46.082398,50.065598,,,,,,,
2671,75.12960100000001,30.22032,,,,,,,
2672,70.106407,20.11672,,,,,,,
2673,57.17712,,,,,,,,
2674,85.132317,,,,,,,,
2675,127.19615900000001,60.259682,,,,,,,
2676,115.096802,53.172081000000006,,,,,,,
2677,25.072321,44.9384,,,,,,,
2678,108.06432299999999,45.149521,,,,,,,
2679,40.1856,81.341522,,,,,,,
2680,87.141602,69.27752000000001,,,,,,,
2681,129.161759,35.106239,,,,,,,
2682,109.593117,21.32312,,,,,,,
2684,172.186558,,250.137894,,,,,,
2685,150.084473,50.09576,203.627441,,,,,,
2686,185.24688799999998,114.879433,198.67849099999998,,,,,,
2687,76.177918,60.048561,,,,,,,
2688,105.0504,,,,,,,,
2689,128.98703,,,,,,,,
2690,44.029438,45.209839,,,,,,,
2691,83.123039,30.16,,,,,,,
2692,108.064323,30.09968,,,,,,,
2693,103.215836,,,,,,,,
2694,78.973434,,,,,,,,
2695,45.995041,,,,,,,,
2696,20.0928,,,,,,,,
2697,97.974236,,,,,,,,
2698,100.245591,,,,,,,,
2699,48.048,,,,,,,,
2700,104.045761,,,,,,,,
2701,115.18415,,,,,,,,
2702,102.12384,,,,,,,,
2703,95.091362,49.100479,,,,,,,
2704,95.09136199999999,,,,,,,,
2705,126.104165,10.1036,,,,,,,
2706,88.058876,11.09888,,,,,,,
2707,121.212013,,,,,,,,
2708,102.12384,,,,,,,,
2709,117.10607900000001,,,,,,,,
2710,101.206566,,,,,,,,
2711,87.097923,,,,,,,,
2712,49.096320999999996,,,,,,,,
2713,146.546403,45.209839,,,,,,,
2714,106.229759,45.17968,,,,,,,
2715,138.20352200000002,,,,,,,,
2716,106.098724,,,,,55.186565,,,
2717,115.096802,,,,,,,,
2718,144.100326,,,,,55.220881999999996,,,
2719,95.091362,,,,,72.312248,,,
2720,123.221275,,,,,50.107201,,,
2721,78.012482,,,,,35.212322,,,
2722,123.22129000000001,,,,,35.178001,,,
2723,103.128479,,,,,45.199444,,,
2724,80.109116,,,,,,,,
2725,126.060481,,,,,30.201603000000002,,,
2726,137.679367,,,,,30.167282,,,
2727,171.26928600000002,,,,,,,,
2728,95.047676,,,,,,,,
2729,104.089439,,,,,,,,
2730,119.071678,,,,,,,,
2731,85.088638,,,,,,,,
2732,119.20272,,,,,,,,
2733,97.05695300000001,,,,,,,,
2734,99.066238,,,,,,,,
2735,74.037605,,,,,,,,
2736,182.014571,70.333115,,,,,,,
2737,128.06976300000002,,,,,,,,
2738,115.795669,,,,,,,,
2739,72.115684,92.108635,,,,,,,
2740,143.052002,,,,,,,,
2741,75.173271,30.190161,,,,,,,
2742,100.20192800000001,24.399439,,,,,,,
2743,85.132324,118.136719,,,,,,,
2744,116.363517,34.171279999999996,,,,,,,
2745,91.029113,,,,,,,,
2746,32.978401,31.215598999999997,,,,,,,
2747,135.102234,,,,,,,,
2748,70.15007800000001,,,,,,,,
2749,105.094078,9.22896,,,,,,,
2750,80.152794,,,,,,,,
2751,105.0504,,,,,,,,
2752,78.05615999999999,,,,,,,,
2753,54.119516000000004,60.229518999999996,,,,,,,
2754,70.106407,90.419678,,,,,,,
2755,105.13775600000001,,,,,,,,
2756,90.111839,60.350159000000005,,,,,,,
2757,55.080479000000004,30.250481,,,,,,,
2758,90.155517,30.310801,,,,,,,
2759,55.0368,30.280640000000002,,,,,,,
2760,85.04496,,,,,,,,
2761,88.015197,10.133759,,,,,,,
2762,83.123039,100.251839,,,,,,,
2763,105.181442,,,,,,,,
2764,75.085915,81.703438,,,,,,,
2765,118.198082,,,,,,,,
2766,150.171829,,,,,,,,
2767,115.14048000000001,9.13848,,,,,,,
2768,106.055041,,,,,,,,
2769,105.094078,,,,,,,,
2770,64.952157,,,,,,,,
2771,65.12688399999999,,,,,,,,
2772,95.047676,40.173119,,,,,,,
2773,65.083199,,,,,,,,
2774,144.318733,,,,,,,,
2775,49.926243,45.149521,,,,,,,
2776,83.123039,,,,,,,,
2777,70.062721,30.09968,,,,,,,
2778,22.102079,,,,,,,,
2779,84.04032099999999,,,,,,,,
2780,56.085121,,,,,,,,
2781,52.24128,,,,,,,,
2782,21.097441,,,,,,,,
2783,41.015518,32.753758,,,,,,,
2784,106.14239500000001,,,,,,,,
2785,28.173599,,,,,,,,
2786,60.97728,,,,,,,,
2787,93.780957,100.402641,,,,,,,
2793,158.03424099999998,14.205359,,,,,,,
2794,132.437759,9.1988,,,,,,,
2795,99.066238,,,,,,,,
2796,170.308334,16.195919,,,,,,,
2797,121.03728500000001,,,,,,,,
2798,95.091354,,,,,,,,
2799,176.33616600000002,59.234241,,,,,,,
2800,114.04848799999999,13.1196,,,,,,,
2801,110.117271,,,,,,,,
2802,144.18768300000002,9.108319999999999,,,,,,,
2803,148.162552,16.105439999999998,,,,,,,
2804,89.32559099999999,,,,,,,,
2805,105.79295300000001,,,,,,,,
2806,147.157921,30.190161,,,,,,,
2807,134.053909,10.163919,,,,,,,
2808,100.027199,92.19912,,,,,,,
2809,120.11999499999999,24.218479000000002,,,,,,,
2810,117.01871499999999,,,,,,,,
2811,120.07631699999999,,,,,,,,
2812,65.083199,50.2164,,,,,,,
2813,103.17215699999998,39.32863999999999,,,,,,,
2816,105.006721,,,,,,,,
2817,136.150558,9.22896,,,,,,,
2818,144.100327,13.179920000000001,,,,,,,
2819,80.152794,9.22896,,,,,,,
2820,101.07551600000001,,,,,,,,
2821,87.62207599999999,11.1592,,,,,,,
2822,133.092951,,,,,,,,
2823,136.9368,,,,,,,,
2824,69.101761,,,,,,,,
2825,70.28112,,,,,,,,
2826,123.002884,,,,,,,,
2827,47.130718,,,,,,,,
2828,26.033279,,,,,,,,
2829,135.364319,,,,,,,,
2830,108.501123,,,,,,,,
2831,105.0504,,,,,,,,
2832,96.096001,,,,,,,,
2833,89.10720099999999,,,,,,,,
2834,98.017921,,,,,,,,
2835,99.10991700000001,,,,,,,,
2836,140.169129,,,,,,,,
2837,107.10336299999999,,,,,,,,
2838,143.095672,,,,,,,,
2839,60.059998,,,,,,,,
2840,115.70832099999998,,,,,,,,
2841,90.111841,,,,,,,,
2842,81.637916,,,,,,,,
2843,50.231998,14.235520000000001,,,,,,,
2844,65.083199,47.200401,,,,,,,
2845,69.931679,40.173119,,,,,,,
2851,27.125278,,,,,,,,
2852,98.105278,,,,,,,,
2853,67.005119,,,,,,,,
2854,83.079361,,,,,,,,
2855,159.16992199999999,,,,,,,,
2856,103.128479,,,,,,,,
2857,122.17295899999999,,,,,,,,
2858,82.1184,,,,,,,,
2859,41.146561,,,,,,,,
2860,66.175194,,,,,,,,
2861,72.07199800000001,27.536078999999997,,,,,,,
2862,25.159679,38.363518,,,,,,,
2864,35.031361,40.022316,,,,,,,
2865,15.11328,,,,,,,,
2866,10.00272,,,,,,,,
2867,38.088959,,,,,,,,
2868,40.01088,,,,,,,,
2869,33.065762,,,,,,,,
2870,24.984961,,,,,,,,
2877,100.114563,160.51152000000002,,,,,,,
2878,50.057281,,,,,,,,
2879,44.07312,47.411522,,,,,,,
2880,79.58496099999999,10.194078999999999,,,,,,,
2881,59.186405,31.215598999999997,,,,,,,
2882,39.049923,15.140320000000001,,,,,,,
2883,74.12496200000001,,,,,,,,
2884,43.112159,30.190161,,,,,,,
2885,54.163199999999996,,,,,,,,
2886,37.127998,,,,,,,,
2887,78.099834,,,,,,,,
2888,77.837761,30.129841,,,,,,,
2889,120.294723,127.90856100000002,,,,,,,
2890,49.052642999999996,18.33728,,,,,,,
2891,20.13648,,,,,,,,
2892,66.21888,,,,,,,,
2893,75.042236,,,,,,,,
2894,75.085915,,,,,,,,
2895,85.088638,,,,,,,,
2896,52.066559,,,,,,,,
2897,65.214241,,,,,,,,
2898,126.67199600000001,,,,,,,,
2899,105.0504,,,,,,,,
2900,105.0504,,,,,,,,
2901,147.332641,40.203282,,,,,,,
2902,113.174879,,,,,,,,
2903,53.02751899999999,,,,,,,,
2904,83.16671,10.133759,,,,,,,
2905,68.14080100000001,,,,,,,,
2906,100.114563,93.31504100000001,,,,,,,
2907,104.96303600000002,,,,,,,,
2908,108.282722,30.461600999999998,,,,,,,
2909,76.177918,58.661197,,,,,,,
2910,177.166092,62.189918999999996,240.14390600000002,,,,,,
2911,165.154077,30.16,278.053802,,,,,,
2912,190.095352,80.346243,327.233753,,,,,,
2913,143.83824199999998,,309.381073,,,,,,
2914,37.95792,45.17968,,,,,,,
2915,20.049120000000002,,,,,,,,
2916,167.600163,58.238957,,,,,,,
2917,123.133911,,,,,,,,
2918,138.203522,9.1988,,,,,,,
2919,78.05615900000001,,,,,,,,
2920,95.222397,,,,,,,,
2921,110.073601,,,,,,,,
2922,122.12927200000001,,,,,,,,
2923,52.110240999999995,19.121441,,,,,,,
2924,160.873429,11.03856,,,,,,,
2925,121.03727499999998,,,,,,,,
2926,68.796,105.167923,,,,,,,
2927,27.168960000000002,110.174484,,,,,,,
2928,65.083191,,,,,,,,
2929,107.05967700000001,,,,,,,,
2930,84.21504200000001,,,,,,,,
2931,98.148957,,,,,,,,
2932,74.16864,,,,,,,,
2933,61.064636,,,,,,,,
2934,73.207676,25.485201,,,,,,,
2935,135.320633,,,,,,,,
2936,154.277756,,,,,,,,
2937,92.252159,,,,,,,,
2938,133.83552600000002,,,,,,,,
2939,83.12303999999999,,,,,,,,
2940,70.1064,45.149521,,,,,,,
2941,96.35808100000001,35.287200999999996,,,,,,,
2942,123.133926,,,,,,,,
2943,98.105278,46.295604000000004,,,,,,,
2944,145.192322,,,,,,,,
2945,115.05311599999999,,,,,,,,
2946,121.255684,,,,,,,,
2947,97.05695300000001,,,,,,,,
2948,84.171356,14.1752,,,,,,,
2949,124.138565,9.16864,,,,,,,
2950,140.169128,,,,,,,,
2951,209.314574,,,,,,,,
2952,115.92672100000001,,,,,,,,
2953,105.006721,10.133759,,,,,,,
2954,103.172157,,,,,,,,
2955,81.113762,,,,,,,,
2956,61.064636,,,,,,,,
2957,85.00128199999999,,,,,,,,
2958,140.169129,,,,,,,,
2959,102.12384,,,,,,,,
2960,105.0504,,,,,,,,
2961,40.1856,,,,,,,,
2962,119.115357,,,,,,,,
2963,105.0504,,,,,,,,
2964,128.113433,,,,,,,,
2965,107.059677,,,,,,,,
2966,152.443196,,,,,,,,
2967,83.996635,,,,,,,,
2968,75.216957,,,,,,,,
2969,95.659195,,,,,,,,
2970,67.136162,,,,,,,,
2971,110.117271,,,,,,,,
2972,75.173278,,,,,,,,
2973,60.103680000000004,,,,,,,,
2974,67.179833,,,,,,,,
2975,82.162071,,,,,,,,
2976,76.09056100000001,,,,,,,,
2977,78.187202,,,,,,,,
2978,48.004321999999995,,,,,,,,
2979,59.099036000000005,,,,,,,,
2980,94.130402,,,,,,,,
2981,148.20623799999998,,,,,,,,
2982,114.39792299999999,,,,,,,,
2983,149.735032,,,,,,,,
2984,111.209274,,,,,,,,
2985,111.078239,,,,,,,,
2986,111.209275,,,,,,,,
2987,106.098724,,,,,,,,
2988,90.155518,,,,,,,,
2989,104.045761,,,,,,,,
2990,111.165596,,,,,,,,
2991,121.168327,,,,,,,,
2992,75.17327900000001,,,,,,,,
2993,101.031837,,,,,,,,
2994,114.004799,,,,,,,,
2995,127.58927200000001,,,,,,,,
2996,85.04496,,,,,,,,
2997,104.96303600000002,,,,,,,,
2998,137.810394,,,,,,,,
2999,148.03151000000003,,,,,,,,
3000,37.08432,,,,,,,,
3001,103.128479,,,,,,,,
3002,69.23279500000001,,,,,,,,
3003,99.02256,,,,,,,,
3004,96.05231500000001,,,,,,,,
3005,59.186406,,,,,,,,
3006,94.261436,,,,,,,,
3007,93.169434,,,,,,,,
3008,207.479998,,,,,,,,
3009,30.051840000000002,,,,,,,,
3010,73.164001,,,,,,,,
3011,139.077122,,,,,,,,
3012,175.37519799999998,,,,,,,,
3013,173.147507,,,,,,,,
3014,65.03952,,,,,,,,
3015,120.207359,,,,,,,,
3016,104.002083,,,,,,,,
3017,107.10336299999999,9.13848,,,,,,,
3018,99.10991700000001,9.13848,,,,,,,
3019,159.12623599999998,23.223200000000002,,,,,,,
3020,129.074402,35.045918,,,,,,,
3021,83.123039,,,,,,,,
3022,112.17023400000001,,,,,,,,
3023,57.17712,,,,,,,,
3024,147.769435,,,,,,,,
3025,90.111839,,,,,,,,
3026,99.10991700000001,25.032799,,,,,,,
3027,70.019043,15.08,,,,,,,
3028,87.14160100000001,10.043280000000001,,,,,,,
3029,34.0704,,,,,,,,
3030,64.122238,,,,,,,,
3031,67.26719600000001,30.09968,,,,,,,
3032,167.20703099999997,,,,,,,,
3033,73.03295899999999,,,,,,,,
3034,113.04383899999999,,,,,,,,
3041,80.19648000000001,,,,,,,,
3042,13.104000000000001,,,,,,,,
3043,71.897278,,,,,,,,
3044,14.064960000000001,15.08,,,,,,,
3045,28.173599,,,,,,,,
3046,55.124157,,,,,,,,
3047,20.049120000000002,,,,,,,,
3048,60.059998,30.039358,,,,,,,
3049,17.0352,,,,,,,,
3050,85.088638,,,,,,,,
3051,75.17327900000001,,,,,,,,
3052,60.278397,,,,,,,,
3053,107.19071899999999,,,,,,,,
3054,120.207359,,,,,,,,
3055,101.250237,,,,,,,,
3056,107.147034,,,,,,,,
3057,163.232162,,,,,,,,
3058,40.141922,,,,,,,,
3059,56.95871700000001,,,,,,,,
3060,89.150879,,,,,,,,
3061,120.16368099999998,39.177841,,,,,,,
3062,114.17952700000001,70.152161,,,,,,,
3063,109.199997,76.153999,,,,,,,
3064,77.09519900000001,94.099197,,,,,,,
3065,69.145439,26.0884,,,,,,,
3066,55.167839,,,,,,,,
3067,104.613598,,,,,,,,
3068,72.159355,,,,,,,,
3069,132.263046,86.106804,,,,,,,
3070,26.120639999999998,9.048,,,,,,,
3071,20.13648,12.03384,,,,,,,
3072,145.148635,,,,,,,,
3073,154.365112,,,,,,,,
3074,143.09567299999998,15.08,,,,,,,
3075,123.13392,23.826399000000002,,,,,,,
3076,111.16559799999999,,,,,,,,
3077,126.235192,,,,,,,,
3078,112.126564,,,,,,,,
3079,111.078239,,,,,,,,
3080,108.10799399999999,,,,,,,,
3081,99.634079,,,,,,,,
3082,134.184952,92.19911900000001,,,,,,,
3083,66.30624399999999,121.213043,,,,,,,
3084,106.098724,,,,,,,,
3085,80.109116,,,,,,,,
3086,114.26687600000001,48.135360999999996,,,,,,,
3087,106.098724,10.133759,,,,,,,
3088,47.08704,30.09968,,,,,,,
3089,128.15712000000002,,,,,,,,
3090,166.202393,80.25576000000001,,,,,,,
3091,143.052001,,283.242963,,,,,,
3092,127.065116,134.242157,276.179963,,,,,,
3093,107.05967700000001,20.11672,,,,,,,
3094,111.60240199999998,,,,,,,,
3095,99.066238,,,,,,,,
3096,121.255684,,,,,,,,
3097,141.08639499999998,,,,,,,,
3098,126.23519099999999,,,,,,,,
3099,128.288162,,,,,,,,
3100,104.264161,,,,,,,,
3101,123.22127499999999,,,,,,,,
3102,105.094078,,,,,,,,
3103,103.084801,,,,,,,,
3104,97.05695300000001,,,,,,,,
3105,104.176804,,,,,,,,
3106,109.418402,,,,,,,,
3107,84.30239800000001,,,,,,,,
3108,109.199997,,,,,,,,
3109,76.13423900000001,13.1196,,,,,,,
3110,65.083199,23.162879999999998,,,,,,,
3111,105.0504,,,,,,,,
3112,103.172157,,,,,,,,
3113,102.080162,,,,,,,,
3114,169.39103699999998,,,,,,,,
3115,85.175995,,,,,,,,
3116,80.19648000000001,61.79784,,,,,,,
3117,65.083199,90.11808,0.144144,,,,,,
3118,63.292316,75.309517,,,,,,,
3119,45.165119,,,,,,,,
3120,110.24832199999999,58.419915,,,,,,,
3121,80.065437,91.83719599999999,,,,,,,
3122,131.86991899999998,72.745918,,,,,,,
3123,62.899201000000005,70.272796,,,,,,,
3124,71.111045,69.277519,,,,,,,
3125,95.178719,108.153763,,,,,,,
3126,57.089763000000005,,,,,,,,
3127,78.012481,,,,,,,,
3128,120.16368099999998,32.150562,,,,,,,
3129,103.041115,,,,,,,,
3130,80.939041,,,,,,,,
3131,121.60511799999999,,,,,,,,
3132,67.048798,,,,,,,,
3133,104.438881,,,,,,,,
3134,135.145919,26.14872,,,,,,,
3135,157.379043,,,,,,,,
3136,70.15007700000001,,,,,,,,
3137,60.977282,,,,,,,,
3138,73.295036,9.1988,,,,,,,
3139,82.162079,,,,,,,,
3140,49.096321,,,,,,,,
3141,136.063187,,,,,,,,
3142,165.11039699999998,,,,,,,,
3143,100.070877,,,,,,,,
3144,79.191841,,,,,,,,
3145,96.139679,9.1988,,,,,,,
3146,94.217758,,,,,,,,
3147,141.217453,,,,,,,,
3148,113.131203,,,,,,,,
3149,109.06896200000001,,,,,,,,
3150,131.127365,,,,,,,,
3151,120.906242,,,,,,,,
3152,59.404799,60.320001,,,,,,,7.753203000000002
3153,75.085915,65.024956,,,,,,,
3154,80.24015899999999,90.359352,,,,,,,
3155,90.02448299999999,64.451917,,,,,,,
3156,75.042236,,,,,,,,
3157,140.125443,90.20855700000001,,,,,,,
3158,118.241761,75.158715,,,,,,,
3159,85.132317,55.072159,,,,,,,
3160,65.08319800000001,75.249199,,,,,,,
3161,100.114563,40.142956,,,,,,,
3162,68.1408,,,,,,,,
3163,56.085117000000004,,,,,,,,
3164,109.243675,,,,,,,,
3165,40.054562,,,,,,,,
3166,136.106888,,,,,,,,
3167,69.189117,,,,,,,,
3168,68.664955,,,,,,,,
3169,101.25023999999999,,,,,,,,
3170,90.06815300000001,,,,,,,,
3171,150.215515,,,,,,,,
3172,119.20272,,,,,,,,
3173,64.078552,,,,,,,,
3174,130.079041,,,,,,,,
3175,141.30479499999998,,,,,,,,
3176,91.990082,,,,,,,,
3177,108.020645,,,,,,,,
3178,33.065762,,,,,,,,
3179,108.85055799999999,,,,,,,,
3180,101.07551600000001,72.172882,,,,,,,
3181,89.194561,,,,,,,,
3182,97.40639499999999,9.108319999999999,,,,,,,
3183,123.133911,9.13848,,,,,,,
3184,100.114563,25.153439000000002,,,,,,,
3185,143.139344,29.285360000000004,,,,,,,
3186,130.166403,,,,,,,,
3187,75.085921,45.17968,,,,,,,
3188,111.03456100000001,,,,,,,,
3189,168.255371,,,,,,,,
3190,133.049271,40.142956,,,,,,,
3191,123.22127800000001,10.22424,,,,,,,
3192,185.33421900000002,,,,,,,,
3193,81.332161,2.74456,,,,,,,
3194,103.172157,,,,,,,,
3195,96.096001,,,,,,,,
3196,102.12384,,,,,,,,
3197,30.008158,90.178398,,,,,,,
3198,106.142402,30.16,,,,,,,
3199,99.153603,82.48760100000001,,,,,,,
3201,72.115685,20.53896,,,,,,,
3202,65.17055500000001,18.307119,,,,,,,
3203,84.215035,54.227681,,,,,,,
3204,33.065762,53.111759,,,,,,,
3205,86.61743200000001,15.140320000000001,,,,,,,
3206,62.986561,64.150322,,,,,,,
3208,54.250557,9.07816,,,,,,,
3209,80.021759,14.14504,,,,,,,
3210,106.098724,,,,,,,,
3211,105.006721,,,,,,,,
3212,7.119839999999999,,,,,,,,
3213,166.24607899999998,10.07344,,,,,,,
3214,5.0232,,,,,,,,
3215,4.06224,,,,,,,,
3216,103.084801,,,,,,,,
3217,85.132317,,,,,,,,
3218,138.24719299999998,10.07344,,,,,,,
3219,104.002083,,,,,,,,
3220,88.058876,,,,,,,,
3221,125.05584,,,,,,,,
3222,25.072321,,,,,,,,
3223,124.094887,21.202478,,,,,,,
3224,96.096001,,,,,,,,
3225,83.12304,,,,,,,,
3226,63.335999,,,,,,,,
3227,186.076798,,,,,,,,
3228,20.0928,,,,,,,,
3229,86.18064100000001,,,,,,,,
3230,76.046875,30.190161,,,,,,,
3231,125.667358,,,,,,,,
3232,15.0696,,,,,,,,
3233,107.147033,,,,,,,,
3234,110.16095700000001,,,,,,,,
3235,125.099525,,,,,,,,
3236,101.16288,,,,,,,,
3237,38.088958999999996,,,,,,,,
3238,56.128799,,,,,,,,
3239,143.357761,,,,,,,,
3240,34.0704,,,,,,,,
3241,63.117595,,,,,,,,
