key,Gas 1
1,29.749985930199998
2,12.5555609779
3,28.5547926192
4,18.8412192323
5,5.4136918254
6,11.2733920899
7,9.836267334
8,15.171552674099999
9,8.216622633899998
10,6.529891037900001
11,3.6391281738000005
12,11.0262591756
13,11.443643024300002
14,5.0989450231
15,11.0854514251
16,7.9912565383
17,15.1759331266
18,14.6600613607
19,6.5562340435
20,10.698529526
21,14.615434429
22,13.210860831400002
23,14.515347167900002
24,11.4877755051
25,9.060017758899999
26,9.631086046
27,10.4042990572
28,11.997002380400001
29,5.9551362154000005
30,13.494307057300002
31,7.485146782799999
32,14.881404073899999
33,14.3112436064
34,11.743690917999999
35,10.7114693823
36,9.294337997500001
37,13.6079608169
38,8.4967464916
39,10.4276220702
40,2.9401933443
41,0.8860247072
42,0.66223378
43,7.3403303049
44,21.265271103499998
45,18.601690105800003
46,6.1184414589000005
47,7.9277425537
48,8.1200928869
49,10.441228003199999
50,10.6682367139
51,9.23675771
52,14.1196149445
53,7.0903066375999995
54,5.547380050699999
55,8.9156834717
56,13.911369140699996
57,13.1501496276
58,6.810519531199999
59,1.2793217390999998
60,10.7149415588
61,7.897148315399999
62,16.9762156372
63,11.2305148411
64,17.742133666900003
65,19.8746448176
66,7.7159208622
67,9.3420918512
68,3.7272072498
69,13.866667983200001
70,6.688318178499999
71,16.210094297799998
72,3.3772273102000003
73,8.113340078899999
74,6.5676578772
75,6.4345578824
76,7.838460865
77,11.024942123599999
78,12.523541311
79,9.5851558489
80,3.6933441479000004
81,7.2376527481
82,5.7077464933
83,8.703511158200001
84,8.6625014619
85,5.2477790377
86,4.8554485632
87,8.115679527700001
88,10.329965210000001
89,3.0556995858000002
90,9.9937188569
91,11.3599044196
92,7.8235756836
93,5.064115559899999
94,13.0054078113
95,14.3814833683
96,5.8716591864000005
97,17.226810898
98,16.346660108000002
99,1.986317052
100,12.6431868068
101,20.5141887056
102,15.091339922
103,10.5216540377
104,8.8054726781
105,11.7672250615
106,33.2139897159
107,5.0348748794
108,5.7431511841
109,2.2597010498
110,4.9359488842
111,10.9902272798
112,4.9648824463
113,25.3779296152
114,14.6832284493
115,22.201580005
116,8.1713769592
117,50.581035013100006
118,38.9827398224
119,17.8756120967
120,17.9996244213
121,6.7203439942
122,19.0480647244
123,14.7896557617
124,16.7632246998
125,11.724795476499999
126,7.8367570541
127,9.1355617525
128,6.0680667954
129,2.4272277569
130,4.4812694408
131,21.499283691400002
132,5.169613554
133,11.4241620331
134,8.2496729126
135,7.0171923218000005
136,3.3405766281000004
137,8.1658959504
138,8.441172140599999
139,10.3281776137
140,18.016612955699998
141,13.4287326555
142,14.579247341099999
143,5.4287686292
144,10.4298959238
145,10.5492544729
146,28.1026210214
147,12.2970375817
148,14.299288592300002
149,10.508564236200002
150,4.7139307709
151,2.026553668
152,5.6666535282999995
153,4.294465838400001
154,5.3485493089
155,5.4681435667
156,7.936044958
157,6.5678392911
158,8.532506727400001
159,8.3414160623
160,10.882282608
161,15.2413192455
162,7.7457304688
163,14.216687922
164,12.5453872191
165,10.100949707000002
166,20.8433868152
167,10.3938554628
168,7.809115974400001
169,9.8249840133
170,17.588321512100002
171,21.2584638738
172,10.6896213289
173,6.3110101051
174,1.9461559556000003
175,3.2584127323
176,17.8424329065
177,12.5951856539
178,19.1050570039
179,8.3888031624
180,8.5470160157
181,4.3905892884
182,2.2001822065
183,6.400069565
184,7.105240753099999
185,5.5784353495
186,5.4298520154
187,9.9981386718
188,2.609630127
189,16.5150600624
190,10.018175317099999
191,20.4429038629
192,7.6533211172
194,6.718448501399999
195,0.3744359664
196,7.840433336299999
197,3.4394108932000003
198,9.023793764
199,8.6802767944
200,7.9721220703
201,13.069208001700002
202,16.9762313146
203,8.7623264466
204,12.104109026699998
205,7.2439453164
206,7.7807727232
207,10.9445237509
208,4.6220575611
209,13.844409773399999
210,10.6206898087
211,12.2610702823
212,9.421867829500002
213,8.0933896183
214,16.4224406437
215,7.385211106200001
216,6.8717995455
217,9.4803239519
218,9.2309241718
219,15.214939856999997
220,6.737165837799999
221,16.7168430025
222,18.0190732482
223,11.2141293041
224,9.853671844800001
225,4.7573378145000005
226,9.7702956332
227,11.8209572452
228,8.9771683968
229,28.956762152899998
230,6.660967041
231,14.3344984869
232,14.947233449999999
233,9.9946996155
234,13.0612850953
235,23.3767048035
236,2.8578446845
237,5.6378886565999995
238,11.6675654536
239,10.683949523999999
240,22.1692799841
241,4.2715393573
242,5.6535221558
243,14.9255393518
244,15.4521546827
245,9.5503237304
246,4.3283179721
247,20.479765854100002
248,5.3387982886000005
249,9.9797131805
250,6.9716342352
251,11.5169998556
252,26.7786588662
253,12.3086216966
254,17.2004529271
255,6.469410858600001
256,11.5273306658
257,10.0175040359
258,17.1360403585
260,11.548779236600001
261,13.403258481600002
262,22.2595714458
263,33.6488910108
264,10.069828278300001
265,14.991406763899999
266,2.6947593693
267,7.4092445385
268,7.4188716784999995
269,2.2554182739
270,12.973954192
271,4.2029411018000005
272,6.2033852539000005
273,6.0681914339
274,5.5837016005999995
275,13.648285955
276,12.7287072302
277,10.522430079
278,9.9649858097
279,7.232358850500001
280,60.935689163800006
281,34.049877989900004
282,29.6419435281
283,18.1672948374
284,10.585429139
285,22.7331169222
286,12.4873237184
287,28.8063771219
288,22.3688168945
289,14.1725566587
290,18.7920166626
291,17.7242593677
292,26.9868752291
293,10.058891481
294,9.888749065599999
295,6.2565947703
296,9.6930650944
297,15.856732732400001
298,27.6077744819
299,12.9352801882
300,5.9409245244
301,10.2011776568
302,8.203549223
303,17.021179504400003
304,13.3068626566
305,8.5619911958
306,8.7572726553
307,11.1184952438
308,6.8058820296
309,15.9315440598
310,23.7086970004
311,18.354871781
312,26.225162639799997
313,21.4379532013
314,22.784797851599997
315,19.6410910373
316,18.2413681641
317,14.977647690000001
318,20.8597473356
319,15.7795744237
320,13.9587994551
321,9.8369694071
322,77.9950396623
323,4.6711735764
324,6.9093943354
325,10.295669338300002
326,6.870150863899999
327,4.898430832800001
328,11.760334195399999
329,12.100871856
330,7.060828445
331,6.0977258529
332,9.0538695686
333,20.9181843051
334,12.855133715600001
335,5.541492874699999
336,13.0850344239
337,22.6816472167
338,11.477597656299999
339,13.854922363300002
340,13.457772216799999
341,9.300885452300001
342,10.260932128799999
343,5.738744751
344,8.6526852306
345,11.5343691864
346,30.7688672486
347,6.7006123047
348,5.9508079255999995
349,16.993355046799998
350,3.9966461801
351,4.8128495446
352,13.251786591
353,15.399860321399998
354,17.650581970700003
355,0.32573304020000005
356,32.6515461275
357,12.037515949300001
358,19.6473673925
359,14.8623109016
360,14.995135070900002
361,9.9811331788
362,5.4412192993
363,7.2997638703
364,19.3180666505
365,9.5456690675
366,12.951217865
367,8.5818337097
368,10.764239833900001
369,11.0391046248
370,29.906973663400002
371,13.6872888394
372,14.3542649197
373,11.2295603796
374,9.3626614304
375,8.304208939199999
376,8.536860098400002
377,5.937243155
378,6.462104462
379,12.759209076000001
380,7.6104368868000005
381,10.608406791
382,0.5873260184
383,15.1121506348
384,11.6607323918
385,11.1384189453
386,9.0738334809
387,14.901688675499999
388,11.761800293
389,7.7522797089
390,17.4072624513
391,20.6492833861
392,6.9795197448
393,5.9619920653
394,8.9050635376
395,6.373479736299999
396,10.1004233093
397,7.303305664000002
398,19.2328625488
399,4.7583833009
400,14.7758400879
401,16.858369751
402,8.245498276
403,8.658134994700001
404,13.007844928299999
405,20.2894472656
406,13.5903084792
407,16.1944489595
408,19.377736969
409,7.4977631187
410,7.0124570794
411,7.4193361365
412,6.3894926147
413,8.9503770406
414,7.2273936481
415,6.5826483562
416,20.5116663517
417,26.0248099621
418,10.8832485231
419,7.3307059031
420,14.244006713700001
421,6.2982363892
422,8.505175491900001
423,10.6937523956
424,10.5006571961
425,9.5523965606
426,7.2413111113
427,7.5783309327
428,11.979636962899999
429,8.446047241199999
430,8.6661311035
431,10.6567611521
432,6.520537980499999
433,12.9247625506
434,26.548905369899998
435,24.6361339729
436,7.1006804333
437,17.2749257073
438,17.4481533403
439,17.4037298668
440,7.0855167009999995
441,9.1649036579
442,5.5491145008
443,5.6653897321
444,28.482189447099998
445,7.1398778534
446,11.978987031900001
447,11.8886751543
448,8.7954782435
449,7.158186243099999
450,16.8224096439
451,5.6221971131
452,3.0097796939
453,10.9992062536
454,12.7849487305
455,14.297549260100002
456,6.7457019977
457,8.5393064775
458,8.3284167481
459,11.6404489647
460,24.0606057528
461,11.0140789501
462,5.2308876802
463,19.156390901600002
464,11.594693664600001
465,17.966869827700002
466,16.5715319671
467,5.5391636795
468,4.3927134857
469,2.9577149778
470,13.4997147971
471,3.9721018526
472,5.3523410073
473,9.3667410783
474,16.5964394836
475,11.0510526819
476,15.0205576858
477,6.2033064296
478,5.407004090100001
479,12.9178328142
480,18.1422334346
481,9.3597558289
482,21.920936096299997
483,7.844208007700001
484,11.4991562653
485,8.145213394099999
486,19.2130148315
487,10.8748451843
488,7.0936908187
489,12.792665512100001
490,15.9822726394
491,9.3040743575
492,17.312897452799998
493,7.9608434257
494,7.1362516933
495,15.6222810601
496,16.8199495744
497,13.677822379899998
498,17.980860561399997
499,13.8375466098
500,20.9587801528
501,6.8381395568
502,9.331775267
503,15.5865029297
504,6.6610324014
505,12.4713052979
506,1.291444108
507,11.6658990783
508,7.133953857400001
509,9.0380989779
510,13.630765869100001
511,3.7906234447000005
512,10.539055480999998
513,15.358474609400002
514,7.6932583008
515,4.0453851318
516,5.2634196778
517,8.1987341309
518,7.5248634644
519,13.3393274232
520,25.466949255000003
521,10.288031907099999
522,20.655265793799998
523,7.5605193481
524,12.280482147199999
525,21.7233808383
526,12.6010865735
527,15.5600936173
528,39.7288259308
529,0.9626967773999999
530,4.2473578033
531,18.405101318299998
532,4.0142713013
533,7.2188892802
534,3.9020090217
535,6.4238894193
536,4.768359284900001
537,8.1344716526
538,8.1781372833
539,7.535495758
540,0.4695671375
541,12.139106262299999
542,7.513538391100001
543,9.1236664581
544,8.308456939700001
545,22.891320983900002
546,5.4891974792
547,6.6605012237
548,16.136573359699998
549,15.9316033058
550,17.8212019787
551,9.8478883524
552,6.5775334231
553,21.034557942699998
554,8.3857072754
555,15.8946783553
556,2.5746896972999997
557,10.350551124699999
558,14.3557323485
559,6.8247770995
560,2.7884179688
561,3.5893200352
562,12.7484274426
563,20.104933332599998
564,7.2398811321
565,19.0469833864
566,7.0141696778
567,13.8749074097
568,6.208601074199999
569,10.0131415406
570,2.8205501709000003
571,10.8132758331
572,17.8049573669
573,17.2059833985
574,10.4776604156
575,6.6967401123000005
576,10.329504334300001
577,16.4793792878
578,8.748974121099998
579,9.7221285687
580,7.2429098511
581,26.295453846
582,5.978747389
583,18.5422386895
584,15.6323040161
585,6.2611391902
586,6.9536887342
587,11.0614737308
588,9.4372854614
589,7.581996398899999
590,11.7072435514
591,13.0378428579
592,9.8420287424
593,8.196447322800001
594,7.538215214399999
595,11.817031467
596,6.7099358273
597,7.584491464099999
598,16.9999321253
599,5.5971891487
600,5.4975980835
601,12.833759217099999
602,7.2383718201
603,12.3353014119
604,26.6684568625
605,27.6808259126
606,13.620650651
607,1.4847805184
608,8.231321747199999
609,12.2572011719
610,7.067783487000001
611,5.3112847448
612,2.9176632664
613,39.425706009500004
614,6.4582092466
615,19.4874137459
616,8.2273035736
617,4.1790971489
618,5.9964660704999995
619,9.8247980505
620,4.4779164598
621,11.838654923
622,7.625944120400001
623,3.6339372408
624,5.7835795898
625,21.447112244400003
626,28.3627958382
627,7.8335038158
628,15.969263931299999
629,7.3582152386
630,5.8994566344
631,7.9503595739
632,6.6365746918
633,5.9083978738
634,6.7807189941
635,12.7722349386
636,7.4823648185
637,10.5625117187
638,19.7982364325
639,23.6587265632
640,21.846473738300002
641,20.9848942414
642,20.1796029664
643,14.3715419169
644,7.3377074966
645,7.4201901252999996
646,6.795477357799999
647,17.5957683106
648,1.0930806998
649,5.0061922912
650,25.9518176737
651,9.9092622417
652,20.311529489799998
653,17.1487807837
654,18.1213221436
655,6.9522354736
656,9.1112011417
657,17.2980533553
658,16.4367229613
659,12.557997160700001
660,20.477662094299998
661,10.2824798328
662,3.5021821877
663,41.854643036300004
664,18.4740571832
665,7.083257981299999
666,12.1608683509
667,9.1158186397
668,10.5620962695
669,11.7537003784
670,20.644044180399998
671,30.6473310321
672,8.2961110358
673,1.828990484
674,12.478515510400001
675,8.4219352818
676,2.8765255061
677,13.4984565128
678,5.907559754199999
679,11.521092224099998
680,9.8931498069
681,11.6222865909
682,14.605810052599999
683,1.0027079758
684,8.2109771804
685,8.4235222108
686,14.5751119907
687,22.9117462158
688,11.8346212384
689,17.53267872
690,16.635080837700002
691,15.488042733699999
692,31.947552879099998
693,32.6880151217
694,12.2647145845
695,11.4352763371
696,22.234398910499998
697,7.241638611599999
698,8.0822271502
699,9.8259013672
700,11.7628454982
701,14.799712143900003
702,15.429042953700002
703,7.626951783799999
704,13.4042132911
705,15.3989130709
706,14.7485457402
707,16.325309076
708,15.8242316374
709,7.158291671900001
710,1.9157743226
711,5.9434862366
712,6.5913418827
713,5.2300189255
714,7.0770603027000005
715,6.7997137496
716,21.292990475499998
717,10.364561698300001
718,2.8588291784999997
719,9.4565295048
720,18.466792923499998
721,19.6486827166
722,4.1459997406
723,10.321414002200001
724,10.5111892663
725,12.3981305773
726,18.4117919922
727,9.3379034835
728,28.334656081200002
729,6.637843523200001
730,7.2570132446
731,16.455099295900002
732,7.904904696199999
733,11.0268782959
734,7.6036420899
735,17.2573985911
736,23.432780592900002
737,12.029022297800001
738,2.6140702137
739,13.245189308299999
740,7.4035434456
741,23.9246525449
742,7.4537893829
743,17.081260002100002
744,7.4487479334
745,1.5776539458999999
746,1.6822331339
747,19.616468339900003
748,13.0361898417
749,16.4339176026
750,2.4387126103
751,14.385853399499998
752,16.096949239
753,1.3670035125
754,10.8380113538
755,9.1730805664
756,2.3125416453
757,10.7980493164
758,11.920916752400002
759,12.421340638699998
760,6.526176763800001
761,33.856083392100004
762,7.7498422089
763,10.4326019694
764,9.8709703112
765,5.4583658088
766,1.0669965639
767,7.4616911545
768,6.6939589181
769,5.5481301928
770,4.7308352423999995
771,6.4148072826
772,7.268465668200001
773,10.177885853699998
774,7.6481125186
775,9.143436867
776,2.3758757814
777,7.682888901
778,10.2725709967
779,9.9798136001
780,1.6210625493
781,10.792194348000002
782,10.723904953199998
783,10.3005232776
784,7.572132101199999
785,7.4641060867
786,3.4651998387
787,7.296812148999999
788,14.109430750800001
789,10.5536670525
790,29.2819277687
791,12.0454627762
792,9.7396399679
793,8.9174457292
794,14.644638977100001
795,8.9982059883
796,10.670498276
797,4.521828874600001
798,8.0364052132
799,4.6782975019999995
800,3.4211204533000004
801,10.86739492
802,15.8626067936
803,24.9598754581
804,8.5922360237
805,6.5020611889
806,7.6398607101
807,1.8794186439
808,17.293232085699998
809,11.2203293307
810,4.4414945996
811,10.9132912025
812,5.1680568237
813,19.856740294599998
814,30.2160461275
815,14.379395236500002
816,11.7067267855
817,11.2428365102
818,8.5630296223
819,11.4333011055
820,15.483450545
821,15.862116657
822,9.4202613221
823,10.087175100100001
824,16.1772719192
825,2.8753830776999996
826,12.8350734667
827,5.6270253906
828,14.295782793199999
829,4.2040575257
830,2.4832019043000004
831,8.4529272642
832,10.663803070200002
833,8.8014579777
834,16.5230946754
835,9.7508427734
836,12.1470758523
837,20.958092346199997
838,8.826703369199999
839,11.1336096344
840,8.3731100464
841,8.3701944275
842,11.7343950805
843,13.626875674599999
844,20.7497824549
845,5.884646020200001
846,6.6855391175
847,8.6356930847
848,10.2656792909
849,11.3752668704
850,9.6568979191
851,10.910142807300002
852,17.8363061162
853,18.819970846199997
854,9.8449040136
855,13.532392624800002
856,12.670113132600001
857,13.2957504883
858,5.114638214
859,14.301024714
860,18.583622299199998
861,14.568481674400001
862,5.4305059794999995
863,17.9610571061
864,8.6657473755
865,7.3591844482
866,0.0083985291
867,11.6168072815
868,6.4613854981
869,14.453071826899999
870,12.758931329400001
871,7.0978246154999995
872,1.2683264221
873,18.117657806700002
874,7.721440543200001
875,23.2064848023
876,8.7646818085
877,22.806671296199998
878,7.732146976499999
879,9.542908561800001
880,13.6006107825
881,23.985225815
882,13.726515502999998
883,7.240749578
884,7.3169386213
885,9.0995659179
886,9.4175637507
887,19.8810548563
888,7.954749122799999
889,13.844528992399999
890,8.5662083937
891,9.3334367371
892,6.7220873103
893,10.6205128784
894,10.702692761600002
895,8.4296420746
896,11.338308762499999
897,19.4223592529
898,13.4503474122
899,8.9816416015
900,4.488285446199999
901,22.813300918499998
902,9.6039595956
903,16.067351093200003
904,17.9627556762
905,20.729914611799998
906,7.682351427099999
907,2.0685215476
908,6.3923518785
909,5.6773604430999995
910,8.642933491199999
911,11.546875701900001
912,15.7705611954
913,25.7466298828
914,16.774734471400002
915,25.9844818553
916,8.7670072941
917,11.839653471300002
918,13.1376796875
919,7.8182564423
920,9.9468972786
921,8.7542055702
922,11.7939562295
923,8.8600521774
924,11.979615662299999
925,17.4971798804
926,9.4192475587
927,2.2101887206
928,12.8325027807
929,7.0787616615
930,3.7568803329
931,6.5983984135
932,6.4015809707
933,1.3887500469
934,2.8484472134
935,13.2585159454
936,6.8151107521
937,11.0398762561
938,14.018337385800002
939,6.414776594799999
940,6.209080861
941,21.5580347644
942,6.6520065707
943,4.1440887454999995
944,19.434758089
945,15.041890102899998
946,5.9785983781
947,3.7222022098000003
948,10.2273078993
949,4.8220077666000005
950,18.0824818635
951,6.1621261912
952,14.497829345600001
953,10.6728740235
954,0.3642557946
955,9.9155788116
956,15.5978025354
957,3.6756271514
958,6.4773947843999995
959,15.452941535
960,11.5003272248
961,6.6084750367
962,8.7097584846
963,7.5071145657
964,2.918252753
965,9.1278012848
966,10.584653899000001
967,7.4036033619
968,10.671592369599999
969,4.3503009947999995
970,7.6816263361
971,8.9037590557
972,15.792627627200002
973,7.4466015033
974,9.2561187608
975,20.439508285499997
976,10.4918405038
977,3.1431103998000003
978,15.844036371000001
979,15.124270465599999
980,6.0320104485
981,8.6521691171
982,3.5484768413000003
983,4.0370707337
984,7.6830983933
985,21.2500150524
986,3.2028044608
987,15.0301685791
988,19.279323203100002
989,9.003069571000001
990,5.8019580078
991,4.922912071000001
992,11.5419876251
993,18.0629337234
994,6.2976848896
995,12.308835407
996,8.8381952057
997,7.4893671263999995
998,4.2203313904
999,14.070262268099999
1000,9.8007266541
1001,19.678911708799998
1002,7.8884316798
1003,4.2114540099
1004,12.1163693614
1005,3.8071516023
1006,9.695417205799998
1007,9.7089821627
1008,12.6518442533
1009,17.4670701799
1010,13.615323547400001
1011,13.5614744617
1012,5.4442637352
1013,2.2086034951999998
1014,33.2067965394
1015,5.3281508636999995
1016,13.2903892665
1017,8.4237159538
1018,7.9275957031
1019,14.8348053024
1020,12.096319580100001
1021,31.961844993600003
1022,13.625982313099998
1023,17.3798034058
1024,16.1089008232
1025,17.6262281539
1026,8.9105419884
1027,2.5664985962999993
1028,10.195418095299999
1029,16.137624783
1030,23.333466598799998
1031,9.62666248
1032,15.786251668999999
1033,2.4412118759
1034,15.0586264543
1035,6.1671953486
1036,9.4554210251
1037,8.7175706049
1038,8.382229989499999
1039,8.313330054
1040,8.297043335000001
1041,10.372673728599999
1042,11.270088317799999
1043,13.767871582000001
1044,11.668067744599998
1045,1.1525482126000002
1046,11.032071230100001
1047,0.0166956024
1048,11.7537464735
1049,25.753133956299997
1050,22.932726394599996
1051,16.447338806199998
1052,9.8747480739
1053,1.337194107
1054,6.385763444299999
1055,9.046673876300002
1056,4.8622066491
1057,10.7788684845
1058,17.77381036
1059,8.8149787726
1060,11.2988840731
1061,4.8149605484
1062,7.954987257899999
1063,10.5168166202
1064,12.680359420799999
1065,15.257547621
1066,12.323387863199999
1067,10.4531369388
1068,11.667274971000001
1069,25.255936826299997
1070,5.698410797199999
1071,6.287449001800001
1072,10.403083648700001
1073,7.763947362799999
1074,9.9688607178
1075,11.297020290699999
1076,5.6073502243
1077,6.8237008192
1078,5.6400791776000005
1079,8.270072311
1080,6.678986458800001
1081,11.5080647731
1082,10.3063384401
1083,15.3555129184
1084,8.0511154708
1085,3.5902218590999997
1086,12.067864202200003
1087,12.1181544552
1088,16.937201486
1089,8.559026511799999
1090,6.608881223599999
1091,6.7408945493
1092,1.0182851104
1093,13.804327392600001
1094,29.421747781599997
1095,9.8542718124
1096,18.1889838807
1097,13.5125054474
1098,10.6748285048
1099,21.865095533999998
1100,10.7261269712
1101,11.9127706103
1102,10.2047102322
1103,4.3907951536
1104,5.1030327906
1105,2.3820274734
1106,3.8210031783
1107,11.2150069715
1108,7.4530126049
1109,3.4542705535
1110,18.632839940199997
1111,7.126257478
1112,8.4031920874
1113,4.111751732300001
1114,4.729161374699999
1115,9.8034926329
1116,4.3667653007
1117,6.1195691185
1118,7.0619593341
1119,21.2163436415
1120,15.200185195900001
1121,8.0031183781
1122,9.8842870732
1123,3.2571037292
1124,8.7760992299
1125,5.8109643553999994
1126,25.645854400700003
1127,15.2686746293
1128,15.1784282226
1129,7.734620056200001
1130,18.9868219763
1131,7.4014626329999995
1132,15.663561526399999
1133,0.3647885755
1134,18.6531219177
1135,20.463346462700002
1136,13.8420882614
1137,5.1508836293
1138,22.974727943499996
1139,14.288339813599999
1140,24.984955215699994
1141,3.7670879389
1142,30.157628112799998
1143,13.0948694458
1144,19.6698285065
1145,5.8177791919
1146,8.836507751500001
1147,7.797970980100001
1148,10.0026811218
1149,9.5799501342
1150,10.5274121094
1151,12.9477668457
1152,10.3070127258
1153,8.136845855699999
1154,5.8784810829
1155,4.4548199448
1156,4.537057653300001
1157,4.8298842554
1158,4.6529060135
1159,6.4955509568
1160,6.1345175172
1161,5.3068840928
1162,8.8558521119
1163,10.226041767199998
1164,7.7093442443999995
1165,10.9428520402
1166,19.325489788200002
1167,7.4749266101
1168,4.933364667799999
1169,4.5625893343
1170,7.7946948761
1171,5.7746861889
1172,5.1187095081
1173,4.1096904044
1174,15.8701816407
1175,11.7425267334
1176,9.997869592699999
1177,9.6240950508
1178,11.5331258201
1179,6.2016253694
1180,10.022202642700002
1181,10.092366081300002
1182,10.9830531323
1183,15.025476471
1184,8.556806595300001
1185,7.6590670396
1186,8.4076570663
1187,7.7221996422000005
1188,12.231989034600002
1189,16.3199638296
1190,8.2968036346
1191,4.9648892364999995
1192,6.8003712492999995
1193,11.027358932
1194,10.0839477878
1195,9.6229505006
1196,13.6110872878
1197,12.8061440715
1198,12.140405538700001
1199,14.224786621100002
1200,7.7744981575
1201,7.3173447876
1202,7.9675670784
1203,12.3020903562
1204,10.151509094200001
1205,7.417673065500001
1206,8.2949028321
1207,9.5907637539
1208,7.764441230399999
1209,7.6019795571
1210,5.941391405
1211,4.7618014534
1212,6.0795616456
1213,5.6163576871
1214,12.9335582803
1215,7.5540927124
1216,7.690214109699999
1217,4.3911004415
1218,2.0561451263
1219,7.2530132484
1220,9.6042582255
1221,9.0943896514
1222,11.7036394348
1223,9.7121247046
1224,15.595228622499999
1225,10.3650887041
1226,6.143402587900001
1227,29.5697875555
1228,11.216094093199999
1229,10.556491338
1230,10.6211213228
1231,13.8769542402
1232,14.2346679688
1233,10.8563243815
1234,11.4855243056
1235,9.05914507
1236,13.5201048394
1237,10.330833896
1238,7.127358063900001
1239,7.0177756120999994
1240,4.556325638300001
1241,11.4974279031
1242,5.6451385212
1243,20.4167966775
1244,7.1102754288000005
1245,11.1584877176
1246,10.2459928284
1247,15.879576919300002
1248,8.8274371859
1249,8.2036475347
1250,17.314787724299997
1251,18.003238296499998
1252,6.3280974272999995
1253,10.2655687948
1254,10.313954443
1255,12.6074877053
1256,8.1746026764
1257,6.2057401439
1258,13.872219284100002
1259,10.1080071107
1260,8.3263741285
1261,6.190945846
1262,8.672859820000001
1263,9.7379029389
1264,6.3923017548
1265,9.1742368525
1266,7.6781755943
1267,7.1196037598
1268,6.3335495454999995
1269,20.8820418143
1270,5.033212101
1271,8.405698369900001
1272,8.1815175028
1273,10.1669375603
1274,7.9579301607
1275,9.616335021900001
1276,13.514315881800002
1277,9.7146237946
1278,8.3207349748
1279,11.4009873467
1280,6.2967219792
1281,9.4672354431
1282,8.369461854
1283,12.7765464952
1284,9.157489257800002
1285,18.174887497
1286,3.6832025237000003
1287,23.3116314907
1288,10.1366089748
1289,19.0856120606
1290,25.403833383
1291,11.9960111461
1292,3.5496293677
1293,12.755648880299999
1294,11.260526184100002
1295,7.9526125641
1296,6.9805777893
1297,6.8103360443
1298,9.5545160217
1299,22.276514656000003
1300,0.49796374509999997
1301,9.786291049899999
1302,12.367800292999998
1303,10.534170339300001
1304,2.2729067278
1305,7.8063419495
1306,16.9647405395
1307,9.719618183200001
1308,10.8301958008
1309,16.505815406700002
1310,9.1167998409
1311,8.023511858
1312,11.654313133
1313,9.704371274
1314,2.2780845518999997
1315,8.2913573315
1316,8.0429564724
1317,12.6055199231
1318,11.1306484375
1319,9.5523798256
1320,6.6108724591
1321,2.1047040586
1322,1.1952978519
1323,10.678100218900001
1324,9.4505570068
1325,7.1920715943
1326,6.9996364746
1327,5.049651306100001
1328,11.7016220398
1329,12.5814626466
1330,20.616207549999995
1331,5.704830116299999
1332,5.7689494018000005
1333,32.6401807862
1334,4.255489497499999
1335,5.2577786559
1336,7.554530508499999
1337,10.7389452439
1338,4.579572024500001
1339,7.0350111217
1340,23.8112788026
1341,12.634599487200001
1342,10.8256329422
1343,11.4007927381
1344,20.376403349
1345,12.3202474517
1346,13.6539676285
1347,11.0696802119
1348,13.438149811999999
1349,10.261611237699999
1350,11.0794185572
1351,10.763746700699999
1352,6.2202660692
1353,14.0360054627
1354,7.8845768911
1355,7.5071850676
1356,6.1925619278
1357,7.4505868631
1358,10.0153254666
1359,7.1307301942
1360,8.2851971187
1361,9.855381515000001
1362,6.170417445100001
1363,10.0131168442
1364,12.912392313099998
1365,12.2077811432
1366,14.1593045197
1367,1.8014140206
1368,8.698114096600001
1369,1.1970096310999998
1370,9.5126114287
1371,10.0403340454
1372,7.5519451888999996
1373,31.9499780337
1374,10.2209089508
1375,8.2787013764
1376,8.819180521
1377,7.9829389814
1378,9.8633854465
1379,5.477011051
1380,9.185854274599999
1381,4.1198321669
1382,5.5598447987
1383,10.1263847837
1384,7.282947876
1385,11.1986449631
1386,8.549802879000001
1387,6.8083057262999995
1388,7.4300808956000015
1389,4.6062784807
1390,7.0866893296
1391,11.8679922147
1392,6.683166534400001
1393,6.8091464557
1394,14.448943379
1395,7.2494232788
1396,8.666659553399999
1397,1.6704626227000001
1398,10.064936462399999
1399,2.4068483277
1400,10.6552523194
1401,11.762222604799998
1402,8.7899438724
1403,11.1863980026
1404,8.2915600205
1405,11.9320885468
1406,11.139165359500002
1407,13.6263870316
1408,14.1333710937
1409,9.8548947543
1410,7.8587845831
1411,16.9187995696
1412,17.4609800106
1413,9.9681940704
1414,8.4958293668
1415,5.688962785099999
1416,4.6163620485
1417,8.8552166883
1418,14.182904142
1419,9.7396636428
1420,8.4241264747
1421,26.2774094213
1422,9.221850389399998
1423,7.727064887199999
1424,4.115932987900001
1425,3.4165926253
1426,12.8292548255
1427,6.2304803877
1428,9.729103654300001
1429,10.3337468352
1430,9.457782629
1431,10.3270941639
1432,10.710356541800001
1433,14.0799742279
1434,15.059061660800001
1435,13.2397020399
1436,6.939387116600001
1437,0.5826994769
1438,3.5643277858999998
1439,15.061174963
1440,6.5716947428
1441,9.9513177746
1442,9.069191870400001
1443,7.0370238399
1444,10.3990730426
1445,12.8726100803
1446,12.0067379754
1447,15.070837806399998
1448,7.683343885599999
1449,7.792233599499999
1450,5.850392605100001
1451,14.878084228499999
1452,9.0469216437
1453,10.2629122924
1454,13.689328384400001
1455,7.0439090805
1456,14.6215244536
1457,13.9486472213
1458,1.8765099030000003
1459,18.9109541626
1460,11.6155883331
1461,4.820853877
1462,7.227301858800001
1463,11.5998989409
1464,43.6554111599
1465,20.018412109400003
1466,8.4384684456
1467,11.669537597700002
1468,9.605145736899999
1469,6.8477761222
1470,12.610142492200001
1471,7.8997893066
1472,4.8273748824
1473,9.5868521051
1474,14.978365609599999
1475,14.6027359733
1476,1.0473021059999998
1477,5.6647304764
1478,12.008087058800001
1479,9.2860832521
1480,4.8588570919
1481,10.1102680664
1482,14.5680716869
1483,12.6671252441
1484,9.6056580867
1485,6.9466300305
1486,8.9245692719
1487,1.979603775
1488,11.0723335877
1489,25.4370049589
1490,17.677616211
1491,5.7317979470000004
1492,25.6895341936
1493,9.5853173524
1494,8.0127000277
1495,9.5286203685
1496,7.483485731300001
1497,7.470413005900001
1498,8.2439919052
1499,7.4691106797
1500,25.6856247106
1501,8.8725826913
1502,16.384768303
1503,18.652141481
1504,9.607781311
1505,1.1204629529000003
1506,13.430306923900002
1507,14.2726442238
1508,7.0228149643
1509,14.348896321200002
1510,10.4808477055
1511,1.4842769775
1512,2.1829412078
1513,38.4717061912
1514,12.8335745545
1515,22.0081473554
1516,17.0063779209
1517,10.4496819401
1518,9.8004343149
1519,11.990169738799999
1520,15.9902157385
1521,9.937420825
1522,7.9770871371
1523,12.9591258393
1524,13.8726861572
1525,10.0093816912
1526,7.8676412659
1527,5.2261810197
1528,5.7942330609
1529,17.5053159074
1530,24.721267305700003
1531,4.1974612349000004
1532,8.7033160574
1533,7.6691747717
1534,9.961584716800001
1535,9.4513900876
1536,12.7950250378
1537,7.7657197688
1538,18.137566563
1539,5.2888745818
1540,24.253416528000002
1541,8.9564856199
1542,7.5787661116
1543,19.246283263000002
1544,19.2865045211
1545,4.1643179627
1546,8.4348569758
1547,10.90651454
1548,7.0776004563
1549,2.9180224314
1550,10.6051032944
1551,2.2750579145
1552,8.920187277
1553,6.8856373481999995
1554,8.583978383
1555,12.9081735535
1556,8.0660449068
1557,15.331945526199998
1558,6.2646999095
1559,12.424673633
1560,9.9947800549
1561,10.5387924805
1562,10.4015517654
1563,10.906249237399997
1564,7.517880558
1565,5.0993183428
1566,3.7083075961
1567,2.6728418753
1568,3.5796228026999994
1569,8.6336224451
1570,12.4181390856
1571,10.7120768893
1572,12.7055145874
1573,5.3633378449
1574,14.671476532299998
1575,10.9330151367
1576,6.880943136400001
1577,8.9363462215
1578,10.5967190036
1579,9.948225708
1580,7.890416336
1581,6.7062914544000005
1582,9.3481322403
1583,15.011954925600001
1584,10.8161815803
1585,11.091014503699999
1586,6.2820946813
1587,10.311039279500001
1588,4.4317746832000005
1589,9.0968144937
1590,5.9430305025
1591,5.632789917
1592,12.2078222122
1593,14.138087834899997
1594,5.9875330124
1595,12.107605866699998
1596,18.6708522068
1597,11.9850211649
1598,10.1728815044
1599,13.1194573424
1600,8.9736155685
1601,8.600071081
1602,7.7262021484000005
1603,19.250628761599998
1604,9.629161697399999
1605,14.2176909218
1606,11.5024195301
1607,10.8268956452
1608,4.0637223128999995
1609,9.8936859748
1610,12.7940344238
1611,9.0429910903
1612,9.7142803096
1613,4.6841250618
1614,15.0290694083
1615,6.6451866712
1616,1.8104796198000002
1617,8.5324186402
1618,10.6475295792
1619,4.5420252990000005
1620,2.0726438628
1621,1.9444267883
1622,25.1812900467
1623,8.0706706237
1624,13.1935775147
1625,7.9017472994
1626,15.385804851700001
1627,5.5578118897
1628,10.5942391282
1629,8.958951771699999
1630,8.8780551787
1631,4.5054881336
1632,3.7065502010999998
1633,10.834714233399998
1634,9.1611242886
1635,9.0643007813
1636,6.2793761754999995
1637,16.3079324122
1638,18.2364843147
1639,12.3469624746
1640,15.7832094123
1641,16.583578308099998
1642,15.2493171882
1643,9.1698383179
1644,13.9149980167
1645,15.014275739599999
1646,9.8287950665
1647,12.5572662519
1648,18.7885622349
1649,9.8571908878
1650,4.4748585612000005
1651,18.8448982677
1652,6.4527369641
1653,12.3818647469
1654,18.0101759949
1655,9.8945541686
1656,7.874330236999999
1657,5.5205609742
1658,17.865515930300003
1659,15.4221075439
1660,10.1468239746
1661,11.065866078300001
1662,12.2827062476
1663,11.470156721099999
1664,13.644162963900001
1665,9.3127049832
1666,21.0263312732
1667,11.5957887641
1668,13.374558847
1669,15.644036315800001
1670,16.0993217833
1671,24.2102123565
1672,29.4402217102
1673,17.490333888000002
1674,10.4857567606
1675,17.441095462
1676,19.7731233724
1677,5.356624248099998
1678,25.2962270086
1679,22.970852177399998
1680,16.5247257481
1681,12.235735589699999
1682,10.105196166999999
1683,2.2292061384000004
1684,9.9350240524
1685,7.740282135499999
1686,9.875760694
1687,1.4634270019
1688,10.3631073608
1689,33.59704401679999
1690,10.860076217700001
1691,18.2269048462
1692,8.4755047607
1693,11.3696175612
1694,8.470140894500002
1695,12.0538167076
1696,17.761971069399998
1697,7.7451595022
1698,20.2238519378
1699,9.0055827396
1700,12.6539580259
1701,12.4421535494
1702,9.907946956699998
1703,11.921089884699999
1704,5.2833099976
1705,7.8560074157
1706,6.606678986
1707,9.7392834744
1708,16.1043871519
1709,5.0665166016
1710,9.2158026695
1711,15.0569202881
1712,5.5823178259
1713,6.2048620243000006
1714,9.491638377800001
1715,6.864717865099999
1716,10.786257019099999
1717,15.2055206718
1718,5.641144006799999
1719,2.8300436672
1720,20.373721862800004
1721,13.9123600434
1722,7.299002590599999
1723,9.9958323371
1724,20.5869597778
1725,14.477165527299999
1726,24.6606806393
1727,35.3587087402
1728,14.009982849100002
1729,12.5558392469
1730,11.903261789700002
1731,8.9416698134
1732,8.6958822518
1733,7.5712479292
1734,4.2699084368
1735,6.9988972596
1736,5.1865460205
1737,8.537116337499999
1738,9.699939514099999
1739,14.960796025
1740,9.3875318452
1741,9.715426370600001
1742,7.6203277723
1743,6.9225840149
1744,4.466373933
1745,4.3308161929
1746,3.6796138359
1747,7.9075441774
1748,8.4372566528
1749,9.7128057394
1750,18.1227480914
1751,12.5210356445
1752,16.516660385199998
1753,10.736680851
1754,9.8041313629
1755,1.8508722841999998
1756,2.6022026998000003
1757,6.6112746582
1758,6.8172678071
1759,10.3779274751
1760,13.603434387200002
1761,5.4854099274
1762,6.0114838995
1763,5.610890876599999
1764,1.5245672519
1765,17.2507174841
1766,11.4640821428
1767,9.227311396900001
1768,4.0595150854
1769,6.40009729
1770,11.5065236244
1771,8.4218471077
1772,6.235886642399999
1773,5.2084620323
1774,2.5252623433
1775,7.3944924316
1776,10.9794788819
1777,4.2452122316
1778,6.8087333865
1779,6.7008520508
1780,6.957432800300001
1781,12.4895436516
1782,6.650434627600001
1783,8.1117090303
1784,1.9694144898000001
1785,1.0916154003
1786,12.6483999214
1787,9.5850136872
1788,10.442265420999998
1789,1.4092542553
1790,4.5811676417000005
1791,3.4588487525000002
1792,5.1549433142
1793,5.6823787482
1794,2.8180355225
1795,3.2526119701000002
1796,6.5977254487
1797,7.7886519339
1798,7.4145807654
1799,6.740204051900001
1800,6.4982189329999995
1801,4.3402698824
1802,8.6353009921
1803,10.4305212493
1804,1.8704352425000002
1805,9.106937622099998
1806,15.5283963089
1807,6.1086520691
1808,5.0049935913
1809,11.486132446300001
1810,5.3324728942
1811,7.755615478499999
1812,5.964456248299999
1813,7.395087371800001
1814,10.598909957899998
1815,6.9963368385999996
1816,23.4881695346
1817,6.7465375518
1818,16.2617425733
1819,6.458523873900001
1820,16.295629634599997
1821,17.995657419500002
1822,4.3221674465
1823,7.1160896207
1824,7.2880381100000005
1825,9.157530493500001
1826,8.2614872435
1827,24.056761877
1828,13.6920450287
1829,3.7852246787
1830,14.6720562969
1831,6.650553222699999
1832,10.963440109299999
1833,9.542327015
1834,9.5197757997
1835,7.8994508614
1836,9.154097557
1837,17.1264075761
1838,5.907246409999999
1839,13.020285120099999
1840,13.7675504082
1841,13.8149958041
1842,3.2947431698
1843,8.238558822799998
1844,23.5315630798
1845,8.3251209716
1846,5.632701319599999
1847,13.1512848664
1848,5.5516305609
1849,7.3758179016
1850,5.9516739121
1851,10.1054804179
1852,9.823611003299998
1853,7.9850306864
1854,13.7816574557
1855,11.362318175599999
1856,9.4104591093
1857,6.0802268006
1858,8.7750482012
1859,5.5607750549
1860,10.239208619600001
1861,12.9768225761
1862,13.926739384400001
1863,13.694712771599999
1864,7.9558513342
1865,10.207681719
1866,21.8727146159
1867,11.338992172400001
1868,14.9400267143
1869,15.400795717600001
1870,12.3679347271
1871,14.935715622900002
1872,6.7678459032
1873,7.9091129158
1874,13.819917245900001
1875,7.224194397
1876,9.4631084949
1877,7.8529124921
1878,9.2241402092
1879,9.2062187047
1880,26.3795956196
1881,36.782436347899996
1882,10.642101455699999
1883,4.4920600926
1884,3.7407809305
1885,7.6802631082
1886,16.2021694564
1887,15.5801194556
1888,11.0199704439
1889,10.5865643441
1890,15.7417205705
1891,8.374314054
1892,18.6883878521
1893,14.431390213
1894,8.1064907608
1895,17.7735102255
1896,14.7082619177
1897,5.389844696000001
1898,13.154828955700001
1899,21.2733728419
1900,13.3803324279
1901,6.418470108
1902,10.584280304
1903,11.9987000219
1904,17.3153581085
1905,8.7917183988
1906,9.8490523625
1907,11.1108059082
1908,14.0535429669
1909,10.5891039753
1910,7.067370081
1911,4.8437394718
1912,19.196067611800004
1913,6.711118839299999
1914,5.229656105
1915,12.9181187744
1916,18.8677875823
1917,17.3353838549
1918,9.8566640968
1919,16.882604248
1920,17.680814453099998
1921,15.753124837199998
1922,7.215400649899999
1923,28.680958603600004
1924,12.7358247651
1925,17.289444793999998
1926,16.5144335632
1927,19.115420838200002
1928,15.9542494515
1929,7.8122974386
1930,8.3673100224
1931,20.050891092199997
1932,31.456359881399997
1933,18.4404112534
1934,14.799533552700002
1935,6.9390082092
1936,17.0729703979
1937,8.8984332276
1938,13.3370857801
1939,8.6197230692
1940,17.7607449494
1941,10.5303554993
1942,6.4731754609
1943,12.7157866979
1944,8.3206812096
1945,8.0882103889
1946,12.214026233800004
1947,1.7351983349000002
1948,10.406837493600001
1949,11.0016719835
1950,21.4767635955
1951,3.7339183349
1952,9.4415639648
1953,10.2604638824
1954,8.898158522700001
1955,8.9528927001
1956,14.183774881099998
1957,10.5909058227
1958,32.4496323546
1959,8.5781857848
1960,9.3317517586
1961,8.9357975884
1962,4.4731350669
1963,26.2734459229
1964,12.226090729900001
1965,16.3058964539
1966,18.7100886535
1967,6.088230793599999
1968,4.135673781
1969,10.3822993088
1970,11.0826820335
1971,12.4231287073
1972,9.675202202
1973,6.0710254059
1974,8.3120360846
1975,20.5587258572
1976,14.2215839543
1977,8.8068496399
1978,9.8997100067
1979,11.569456769
1980,14.278643401300002
1981,11.739892409300001
1982,15.0531464309
1983,12.1652208863
1984,7.052169921800001
1985,7.230330028600001
1986,2.8833164215
1987,3.0555752782
1988,7.2232891998
1989,13.8826168674
1990,8.7201495429
1991,11.1456433643
1992,10.610764760899999
1993,14.645660187
1994,13.9882994444
1995,5.872995017699999
1996,14.5489401558
1997,14.768346709700001
1998,14.143348669
1999,7.8151904147
2000,9.9267299654
2001,16.486574352399998
2002,11.2973994995
2003,8.6023671566
2004,5.1369685059000005
2005,9.113464172399999
2006,10.544134735099998
2007,15.2463590851
2008,8.493573730400001
2009,9.759187378
2010,4.1845957146
2011,24.130552459700002
2012,7.4353762207
2013,10.748522171600001
2014,8.7683857964
2015,11.2737414551
2016,9.8110603943
2017,12.3516369177
2018,15.584975766699998
2019,12.496254548299998
2020,18.838996521
2021,13.7122641144
2022,14.223175552199999
2023,10.3357209053
2024,14.118647214
2025,2.8775078109999996
2026,5.548259246799999
2027,4.5829934387
2028,10.643856660800001
2029,8.937261357099999
2030,7.2812927895
2031,0.8014595260999999
2032,7.639958374100001
2033,9.545684722899999
2034,8.883950058
2035,8.8495059051
2036,5.065016662600001
2037,11.110614441
2038,3.7643868408
2039,6.737862304699999
2040,10.8115331116
2041,7.057305786100001
2042,5.902039672900001
2043,4.0526505895
2044,7.1506693115
2045,5.467684333899999
2046,14.1130834513
2047,13.772924505899999
2048,8.1498255615
2049,10.0172822046
2050,12.6186747324
2051,11.957930542
2052,8.639928258800001
2053,8.6873083646
2054,9.789434877200001
2055,8.3723238601
2056,9.388632851799999
2057,8.9883758198
2058,9.9895573897
2059,13.6156776905
2060,6.294717697099999
2061,12.6566595684
2062,17.271727055299998
2063,12.7792173767
2064,7.4656428738
2065,8.709560305699998
2066,19.6042996826
2067,6.7972585148
2068,15.3797048645
2069,12.011039917100002
2070,6.3121467056
2071,6.9890503999
2072,9.429895820599999
2073,6.4322112238999996
2074,12.5093208007
2075,9.3289751587
2076,9.348029754599999
2077,7.9536108817999995
2078,7.7872178593
2079,8.9443312897
2080,14.458545609
2081,13.4915456965
2082,5.9256915247999995
2083,7.5333286743
2084,10.898872184799998
2085,3.9084907149999997
2086,7.3649421538999995
2087,7.4493620741
2088,14.464559579300001
2089,12.937926167
2090,4.7103030319000005
2091,12.075490724800002
2092,14.4067372098
2093,1.6435590572
2094,12.8925216102
2095,11.5247042375
2096,6.9509379431
2097,15.834248186699998
2098,12.1040369975
2099,6.6074338982
2100,8.3822175142
2101,5.3739750191999995
2102,9.7862431182
2103,0.2630289536
2104,25.555480324100003
2105,20.6781556352
2106,19.4558199214
2107,29.6711668476
2108,45.638998557700006
2109,17.790212584600003
2110,52.142372574
2111,21.8093612679
2112,5.3027481093999995
2113,10.4575843963
2114,11.8670741826
2115,3.680878128
2116,11.582546920799999
2117,5.415841293400001
2118,9.3358210058
2119,11.184537869
2120,4.1418230944
2121,7.6556615275999995
2122,9.4017616585
2123,14.3828079608
2124,8.4669039574
2125,11.5566729661
2126,9.977408081000002
2127,6.093695861900001
2128,22.356804443399998
2129,6.4312857666
2130,9.991966583300002
2131,15.6649197578
2132,7.7744339790999994
2133,7.6640964050000004
2134,10.1179899903
2135,11.410806640599999
2136,4.4715235748
2137,20.8014013837
2138,8.5482161484
2139,17.078162416799998
2140,10.0246728515
2141,20.7624538574
2142,7.0115238876
2143,6.719711684900001
2144,8.158706608100001
2145,12.6230188681
2146,24.273309298999997
2147,9.3292365514
2148,7.834137333599999
2149,17.6629545597
2150,16.6350895568
2151,28.262795349
2152,13.8320292502
2153,10.4096932531
2154,9.4926594931
2155,11.8284117899
2156,8.0617034454
2157,7.6983397369999995
2158,8.121758667000002
2159,6.553961227299999
2160,17.671982544000002
2161,11.674069473300001
2162,17.1525135041
2163,6.959037582400001
2164,10.0217127037
2165,14.990684448300001
2166,24.1987699585
2167,13.7535527344
2168,12.585235785599998
2169,14.318197815
2170,11.966258934
2171,11.0804326172
2172,7.339005741899999
2173,7.6674174995
2174,8.621069564999999
2175,7.660611938500001
2176,9.705105209500001
2177,15.608966323799999
2178,12.6378102093
2179,9.9421093673
2180,12.237130618599998
2181,15.7019733495
2182,9.981768648100001
2183,11.4218138427
2184,12.131352920500001
2185,7.963129071699999
2186,7.8897600249
2187,9.236264221199999
2188,13.198501483
2189,6.0221264343000005
2190,8.370165334500001
2191,8.1778354492
2192,6.7036132812
2193,5.3197691967
2194,6.4668184661999994
2195,5.399183754
2196,2.767094986
2197,4.025340484599999
2198,3.2899799576
2199,10.4858935203
2200,3.4790560302999998
2201,14.0153088379
2202,12.4003595677
2203,8.4993818359
2204,13.070983109100002
2205,14.3937416439
2206,12.825977661100001
2207,6.7767834625
2208,5.5671132641
2209,19.1576590462
2210,9.8440007324
2211,11.307422973600001
2212,10.5810081441
2213,12.6127219372
2214,8.4731443203
2215,11.1587906396
2216,3.9226451882999998
2217,5.8549511312
2218,13.729118821099998
2219,6.8486091996
2220,4.746065354300001
2221,1.1902558135999999
2222,15.3248124819
2223,13.085626464899999
2224,4.6112796629999995
2225,9.557816894599998
2226,3.7250783080999996
2227,12.3080515137
2228,5.1318626711
2229,23.255453231700002
2230,16.5076830902
2231,5.383262824200001
2232,4.4344768510999995
2233,30.2220429326
2234,22.5239784243
2235,25.2284603332
2236,3.4630015564
2237,17.8265083008
2238,11.3071157407
2239,1.3787619781
2240,0.863447937
2241,0.9927507763000001
2242,16.0062243864
2243,10.9672655466
2244,6.9893652496000005
2245,18.1905810414
2246,16.0407135747
2247,18.586708212799998
2248,8.6200291205
2249,15.8815953218
2250,35.769305753
2251,10.1776220398
2252,6.7380377197
2253,9.6313524781
2254,7.5727090748
2255,10.1442753296
2256,10.517432659499999
2257,17.4310421142
2258,16.0250620841
2259,14.6788326339
2260,13.8170658264
2261,30.8366582031
2262,21.1445059204
2263,10.7812125854
2264,7.9472170531
2265,22.8431948853
2266,9.3070487196
2267,15.9645143433
2268,34.8270570385
2269,9.0408220463
2270,12.002223174600001
2271,6.4211369103
2272,12.981623173499997
2273,16.5086954041
2274,10.138849846
2275,13.754180448500001
2276,5.6957358217
2277,15.6886036257
2278,0.7830956881
2279,15.6199642287
2280,5.8853358003
2281,15.407540924200003
2282,9.0256275788
2283,3.5700128174
2284,12.628359387
2285,9.7283017578
2286,24.0401594848
2287,11.5915089721
2288,3.0060134745
2289,20.4890174546
2290,11.8751072236
2291,6.5842089844
2292,5.1505248413
2293,8.9746662598
2294,8.2078726807
2295,13.864434570399998
2296,15.2561083985
2297,9.6586259766
2298,4.2025690003
2299,6.5428567423
2300,15.8653260669
2301,1.8026798973
2302,7.3401099242
2303,17.171258201599997
2304,17.1213463136
2305,1.6588221893000001
2306,8.0787190628
2307,10.8185600224
2308,12.1956505432
2309,10.0884161644
2310,5.3236540528
2311,4.4952319087
2312,13.719148712199999
2313,16.5139779249
2314,8.8661409302
2315,23.574459412399996
2316,10.395768570000001
2317,10.2865622442
2318,5.4903509217
2319,6.4272799511
2320,5.3887406006
2321,12.24580896
2322,22.629001556299997
2323,14.363963867199999
2324,14.1209907227
2325,7.2322884523
2326,5.0836873550999995
2327,10.6593312836
2328,15.8955032349
2329,6.899465039600001
2330,15.0697369995
2331,9.544890625
2332,9.2425926514
2333,2.8912516472
2334,11.837915412900001
2335,8.752591477300001
2336,24.989360665
2337,9.323641282
2338,8.5376270119
2339,10.6229532891
2340,10.1682687378
2341,9.0665567431
2342,14.1321975097
2343,15.0526642192
2344,16.5881489715
2345,1.9121223983000002
2346,8.5025220948
2347,6.7953532104
2348,2.8158873290999997
2349,22.533476489999998
2350,5.9852946778
2351,10.812108825700001
2352,9.9500368041
2353,11.4709601135
2354,9.5806204682
2355,10.828826873699999
2356,0.27508099370000005
2357,15.489245605299999
2358,6.7584678956
2359,27.355650848400003
2360,14.0017934751
2361,6.2349072025000005
2362,16.3090713959
2363,22.720053192199998
2364,7.716934296
2365,15.4654055176
2366,26.4088123169
2367,9.5521535705
2368,8.598008011400001
2369,7.6349797213
2370,9.5908337252
2371,6.1271943209
2372,4.984112419100001
2373,1.0475965011000001
2374,11.489435305699999
2375,3.8263334960999997
2376,17.062538978499997
2377,8.8706260489
2378,11.743406804500001
2379,12.5424823303
2380,4.8142574463
2381,9.6942490462
2382,12.0447358399
2383,14.3761281948
2384,11.3684320686
2385,15.8390671296
2386,10.1472468567
2387,16.2009335556
2388,10.1430930749
2389,6.4885019501
2390,1.7570370483
2391,7.1143269526
2392,6.9466839088
2393,5.5105546112
2394,2.4384915466
2395,9.4146367378
2396,3.0971791382
2397,24.3989522448
2398,11.2363513817
2399,11.309637200900001
2400,7.5799516602
2401,4.787824852
2402,11.4181244695
2403,8.4506908265
2404,14.3461321152
2405,14.8720959625
2406,9.535107349499999
2407,15.6267005148
2408,21.884558838
2409,15.0315761116
2410,7.9359741287
2411,5.1303986063
2412,11.0726142138
2413,1.2448465231999999
2414,17.662839199
2415,5.4440913085
2416,24.0012568359
2417,10.2214507218
2418,6.3709333992
2419,10.7146622902
2420,2.1885641108
2421,10.8762655948
2422,4.907280715100001
2423,9.2007645881
2424,4.7313839834
2425,6.3954393115
2426,10.845079891200001
2427,2.8155066536
2428,7.2030109381
2429,8.5138596915
2430,7.5784022443
2431,7.3986536872999995
2432,4.0594932963
2433,11.860917497400001
2434,12.4615514298
2435,8.8004226989
2436,24.5141429596
2437,11.4491711818
2438,13.092269839699998
2439,15.982393218999999
2440,9.4616536255
2441,15.0462958985
2442,13.0603754884
2443,6.2570218353
2444,8.729059021000001
2445,7.0261189041000005
2446,1.0169193579
2447,14.938165740999999
2448,3.7907871909
2449,8.8464068649
2450,7.6263305363
2451,11.059257004700001
2452,16.6186484556
2453,8.031277531999999
2454,6.1707682955
2455,2.4252246304000002
2456,9.670252259
2457,2.9023516597
2458,4.9241177376
2459,7.7989304467
2460,1.8223472976
2461,15.9067935677
2462,11.8694027099
2463,18.6551366578
2464,31.621311950699997
2465,9.6118777398
2466,22.6258922887
2467,13.673634948699998
2468,12.251302665699999
2469,0.3351643539
2470,9.812349926
2471,10.8244405608
2472,14.794498734100001
2473,30.0360471038
2474,9.925929794400002
2475,9.6133781739
2476,8.3165734863
2477,32.7963581091
2478,17.3719815433
2479,9.2481019304
2480,17.4377114318
2481,14.220873323900001
2482,14.214661526900002
2483,26.651525661600004
2484,3.3617150066
2485,13.050459997099999
2486,5.976477301
2487,20.1357991943
2488,28.306153320299998
2489,10.772627574
2490,20.019526153500003
2491,0.3826435223
2492,11.375062927999998
2493,9.4216913761
2494,3.9830528565
2495,7.125735412600001
2496,9.412616211
2497,6.2716992798
2498,14.9536567381
2499,11.3361507569
2500,9.9907178955
2501,13.8289573212
2502,13.890142089800001
2503,7.2197850494999996
2504,9.3628221435
2505,10.140360168499999
2506,3.0189696502
2507,16.4056632767
2508,18.3133105774
2509,17.6484919945
2510,30.5121806641
2511,16.239058654799997
2512,6.6920892486
2513,14.695010162300001
2514,12.7853006286
2515,32.4351847153
2516,16.1535664063
2517,3.6017979813000003
2518,10.3147039388
2519,13.3404520701
2520,20.626015034199998
2521,19.9330987534
2522,1.8221760126
2523,13.6714554519
2524,16.1735686186
2525,9.1303611755
2526,11.1645715066
2527,6.4005084229
2528,8.456684709
2529,7.219636962899999
2530,7.996742278999999
2531,7.9169572754
2532,9.1942391662
2533,7.5421881103
2534,7.859766845699999
2535,6.824066223100001
2536,10.048101273100002
2537,14.2825196533
2538,14.8522679939
2539,19.7229125977
2540,11.9741034393
2541,13.804655242900001
2542,13.8387997799
2543,11.904712371799999
2544,24.045947904499997
2545,13.7719592918
2546,7.8472714813
2547,11.836793426900002
2548,8.365138965100002
2549,7.4013980547
2550,8.808677080399999
2551,10.732997299400001
2552,9.4221806761
2553,13.343335182199999
2554,19.809297607399998
2555,18.310327269
2556,19.584214325
2557,12.5587604827
2558,17.9261653442
2559,5.511223053
2560,19.451039917099997
2561,22.679998734099996
2562,29.6548317031
2563,22.2191346967
2564,19.6868808898
2565,23.9156272416
2566,14.5018837859
2567,39.378163712699994
2568,10.2542670341
2569,26.8854462288
2570,51.380229202799995
2571,2.9776068575
2572,10.259033691399999
2573,14.139776126000001
2574,16.035327697
2575,14.445829366800002
2576,22.598109724700002
2577,5.4277602234
2578,9.2960881538
2579,17.5564371081
2580,13.225590236699999
2581,8.9785155768
2582,6.1375051269
2583,21.986881279
2584,23.274126831
2585,12.9727093201
2586,17.9570709838
2587,21.885158691399997
2588,9.0339050293
2589,10.936153686400003
2590,12.7271318969
2591,11.003177673400002
2592,28.147340515099998
2593,13.6579796755
2594,10.298067016600001
2595,6.6865665845
2596,15.2473555451
2597,8.7069278563
2598,2.7377804069000002
2599,5.5511191150000005
2600,7.1275907592
2601,8.4091750144
2602,8.8883632661
2603,22.336284919599997
2604,14.0462702546
2605,5.0288634843999995
2606,2.4961782533
2607,5.0888278199
2608,20.734348480199998
2609,8.3455074462
2610,9.8524365386
2611,12.1187779922
2612,13.7659484559
2613,10.9623049927
2614,9.623314331
2615,6.137734222399999
2616,7.3717179512
2617,6.1383805543
2618,16.7235200806
2619,14.021121032700002
2620,6.2406446991
2621,6.5042354737
2622,9.8148601074
2623,8.384696518
2624,10.994619201599999
2625,5.5584459839
2626,6.8014327392
2627,15.6718028565
2628,5.1496437378
2629,6.10707193
2630,3.2196729203000007
2631,19.495283080999997
2632,6.5338687401
2633,26.9887200165
2634,8.7328945084
2635,13.8059460144
2636,10.8259457589
2637,12.1476904755
2638,18.511720606700003
2639,17.1866123199
2640,8.7057768102
2641,20.290710079200004
2642,10.9954003906
2643,11.5859501992
2644,11.5686773682
2645,13.151349853500001
2646,10.7482401542
2647,10.736492736799999
2648,15.9319002382
2649,11.1294558564
2650,8.2185322265
2651,13.4358939056
2652,11.8933490601
2653,11.129663645
2654,9.6500203692
2655,11.2960159987
2656,17.4825898438
2657,6.819378346300001
2658,2.7924428712000005
2659,15.0031432954
2660,24.3780677687
2661,11.5695482978
2662,5.7784935199
2663,10.513789947500001
2664,4.3468546836
2665,1.2060300945
2666,8.3956612865
2667,6.5651200779
2668,7.2839604950000005
2669,5.7479197832
2670,9.0840572073
2671,11.650343750000001
2672,13.5835349242
2673,15.0352369385
2674,12.9921643579
2675,12.5012624818
2676,13.9477109375
2677,12.4511074218
2678,7.6011561279999995
2679,8.1258259277
2680,7.861079834
2681,6.193187866200001
2682,7.1141926268999995
2683,0.3389972983
2684,15.275938385000002
2685,9.0068989716
2686,19.2157467041
2687,11.7798557739
2688,13.708585828899999
2689,12.526800125200001
2690,6.1298614692
2691,12.1608392382
2692,9.726856618900001
2693,10.032362208599999
2694,12.5429026718
2695,5.506815711900001
2696,6.0774509792
2697,6.368055843399999
2698,13.0657506571
2699,4.4964240602
2700,8.6511002877
2701,13.3524453547
2702,5.3127404925
2703,8.6186696627
2704,11.4238353882
2705,6.9125075531
2706,8.9282674255
2707,7.1636920166
2708,8.4908698883
2709,11.7148222046
2710,11.5125948792
2711,10.9983005524
2712,13.228416824299998
2713,10.7380075226
2714,14.310152090599999
2715,9.541419573799999
2716,6.4520042114
2717,12.45673571
2718,21.5484331597
2719,11.4785194109
2720,9.6373363419
2721,14.6403711758
2722,11.540457397499999
2723,10.6803439999
2724,12.6976276644
2725,13.1927363433
2726,9.8747461895
2727,12.7444937134
2728,12.5274047623
2729,7.851446624699999
2730,6.5325799221
2731,8.7862676315
2732,12.0580046768
2733,6.603983858
2734,5.5891136415
2735,4.2009591675
2736,15.388428710900001
2737,5.4891387175999995
2738,3.3513477287000004
2739,11.096098632799999
2740,12.333735351600001
2741,8.5367689819
2742,12.0405426483
2743,5.5206914153
2744,5.604877855000001
2745,13.868923816699999
2746,5.035809114299999
2747,19.0283926392
2748,4.3375710316
2749,9.2542329426
2750,9.3082573738
2751,13.535017944300002
2752,11.6742941442
2753,18.6095373916
2754,14.7717553711
2755,8.916598089899999
2756,18.033276337
2757,4.0530818023999995
2758,21.342693511999997
2759,20.849239135799998
2760,27.2823949279
2761,9.1650905533
2762,12.1756779876
2763,11.727472351099998
2764,16.0391993329
2765,9.8437996898
2766,7.188015976
2767,12.849611572199999
2768,13.8972862775
2769,9.024131046199999
2770,6.598336929399999
2771,2.9090699615
2772,7.1164321098
2773,7.0883133125
2774,10.079004684400001
2775,15.7725149613
2776,3.9640900001
2777,5.0587090868999995
2778,16.4102743683
2779,4.2665028677
2780,12.7632741394
2781,31.1944051649
2782,5.732520298000001
2783,8.569413414
2784,14.5151323423
2785,11.006486206
2786,12.6221317139
2787,7.763965217600001
2788,6.888535958
2789,6.6518713379
2790,6.5407798195
2791,8.4714079895
2792,5.1938351439999995
2793,13.888459774
2794,19.3462874147
2795,16.440840271
2796,14.2702429656
2797,8.0241152344
2798,2.0222292096
2799,22.9796187134
2800,13.649880981399999
2801,11.8053859557
2802,8.727678709
2803,9.0834314658
2804,17.3266426392
2805,11.489191345199998
2806,13.690776638500001
2807,7.239394653300001
2808,7.3321512985
2809,24.4380559539
2810,8.286403198299999
2811,6.7279115906
2812,2.3174495239999997
2813,2.6796459655000002
2814,10.4462638245
2815,6.6016413708
2816,12.292992736699999
2817,16.8775987798
2818,7.1128270263
2819,3.8480557860999998
2820,13.2656640517
2821,12.7443176842
2822,10.241873291
2823,12.026218322800002
2824,6.9805934906000005
2825,5.3091325694
2826,11.2428084716
2827,9.4890029144
2828,12.870464569100001
2829,17.679185134900003
2830,7.562469879100001
2831,9.3558895882
2832,6.9736395264
2833,10.1486639137
2834,10.3591641846
2835,7.9646316986
2836,16.6645606202
2837,9.203398193400002
2838,10.7241006522
2839,6.4328158874
2840,9.402600393
2841,6.7515579375999994
2842,9.7304228859
2843,12.5044913941
2844,6.7229172497
2845,20.904104248
2846,10.113368422499999
2847,7.7696351624
2848,9.5276468963
2849,15.978406829899999
2850,30.329043579100002
2851,8.6903742752
2852,14.610402572799998
2853,19.4168606262
2854,7.3428872832000005
2855,18.6722150321
2856,10.6702491607
2857,7.2987453899000005
2858,30.4998598022
2859,14.1361248779
2860,14.2676217651
2861,27.5107736063
2862,8.1080480656
2863,6.0946908722
2864,9.584254516499998
2865,2.4283256453999997
2866,6.188969543400001
2867,10.945414154000002
2868,9.7233136291
2869,8.4303385899
2870,8.4029356644
2871,8.461796691899998
2872,12.9882432575
2873,12.3878632813
2874,5.6235977478
2875,6.9878872013
2876,4.3389140474
2877,20.517319335899998
2878,10.6778631287
2879,8.5772058563
2880,21.089762756299997
2881,8.981614563099999
2882,9.0468482056
2883,6.456153076199999
2884,7.4850778124
2885,3.3627045942999993
2886,14.633415310299998
2887,16.3203999789
2888,11.9925006409
2889,15.5148695069
2890,9.6067349243
2891,5.1688643677999995
2892,12.0744964253
2893,19.249760559
2894,15.1660935059
2895,16.0979696121
2896,2.430739685
2897,8.6605356559
2898,12.625674804700001
2899,13.222741363499999
2900,13.2938275146
2901,21.302390095299998
2902,8.762616377499999
2903,11.0972726898
2904,7.5748924031
2905,12.7172797852
2906,9.405556839
2907,4.409638488800001
2908,7.5628510743
2909,7.7123978271
2910,13.717164267499998
2911,11.6568589783
2912,22.0390895691
2913,18.727186035099997
2914,7.8982100295999995
2915,22.974480537399998
2916,16.5355045786
2917,23.988263508400003
2918,8.8510976563
2919,14.7974980468
2920,9.035985733
2921,9.4993486938
2922,10.398246276799998
2923,8.237489685
2924,9.5767546845
2925,20.7523476562
2926,8.7323044434
2927,6.5947128295
2928,11.2515780346
2929,12.2534192581
2930,15.225678024300002
2931,22.6650692274
2932,22.8229112051
2933,14.7920369415
2934,22.651156821
2935,11.5345820179
2936,21.307829002300004
2937,5.4355007323999995
2938,5.7834310304
2939,5.6237868653
2940,4.910863189700001
2941,9.463977432200002
2942,20.348642028900002
2943,6.2039415283
2944,15.5499534874
2945,8.555037368699999
2946,5.9178128406
2947,10.411016418500001
2948,6.9964529724
2949,18.4175965424
2950,11.2092674877
2951,18.1413090255
2952,17.120640686
2953,6.934842665
2954,14.406148370300002
2955,5.6195433654
2956,2.3024495107
2957,10.129746795700001
2958,9.0163787233
2959,7.3525083237
2960,11.2029671721
2961,7.7937532552
2962,11.6807719422
2963,11.7298816386
2964,16.8791912069
2965,13.961633942699999
2966,6.520163116399999
2967,8.5244204641
2968,6.7947485574
2969,8.879962812799999
2970,12.654851818700001
2971,8.1553521866
2972,8.359086273199999
2973,8.481055898600001
2974,7.0746939615999995
2975,15.3484895019
2976,7.6700197296
2977,17.6723475959
2978,6.0890289192000004
2979,8.458434181200001
2980,10.850103786799998
2981,9.3102454834
2982,4.8965776021
2983,6.884826828
2984,17.0148431701
2985,11.503764304899999
2986,7.7502585897
2987,6.4861763599
2988,11.864920234700001
2989,7.6217862624
2990,8.252523402900001
2991,16.698172308
2992,9.9547871246
2993,30.3554938202
2994,10.135123565699999
2995,13.578718798299999
2996,4.489524459799999
2997,8.258627365199999
2998,6.7923496094
2999,8.8463700256
3000,3.4898677674
3001,17.0429114704
3002,12.3238831486
3003,6.4729499299
3004,9.7494283276
3005,7.0871541595
3006,6.7175170594
3007,7.426180260200001
3008,24.3951602598
3009,9.0322193299
3010,4.7277275980999995
3011,10.7386325533
3012,16.069416381800004
3013,16.1320500518
3014,5.9084318771
3015,5.233145990100001
3016,4.0675887642
3017,11.917162229899999
3018,1.5998464875
3019,8.6120720025
3020,8.8212264251
3021,4.1754552306
3022,9.5522128143
3023,9.1713050385
3024,7.867505443599999
3025,6.66909021
3026,7.7986805887
3027,4.8634102631000005
3028,8.8215350342
3029,8.753957336400001
3030,13.4304902043
3031,10.2710248872
3032,9.057629714199999
3033,7.5589033813
3034,2.5859660493
3035,6.0097458545
3036,11.1218723174
3037,3.4106341975999994
3038,3.574384346
3039,7.2574134506
3040,5.6172135364999995
3041,22.645178084
3042,2.9428454374
3043,12.709868164100001
3044,12.4655481187
3045,3.6244513245
3046,1.7829348024000002
3047,2.7620868915
3048,5.4368011912
3049,6.539384324
3050,4.4385534057000005
3051,4.520229538000001
3052,9.2103923797
3053,10.4704083634
3054,8.7893136902
3055,15.284548210099999
3056,8.3831981819
3057,8.528627655400001
3058,10.2172846062
3059,3.5187412419
3060,8.0154598856
3061,14.519040244
3062,9.9296848356
3063,8.3733300902
3064,3.8119058386000004
3065,6.2589510868
3066,6.646435455300001
3067,12.268562316899999
3068,8.6569675203
3069,14.9080229397
3070,7.5483832857
3071,8.1478856971
3072,5.219001647900001
3073,15.9775811462
3074,9.8580646591
3075,20.8166919785
3076,11.9780487442
3077,10.6223870141
3078,7.5248938903
3079,14.3246670227
3080,9.192905273500001
3081,7.776848327700001
3082,15.8453282242
3083,8.0295936279
3084,4.986820282
3085,3.7365942841999997
3086,16.996102928100004
3087,9.4855723114
3088,3.583960618
3089,7.6477318611
3090,9.2471146858
3091,9.9038268892
3092,17.645369336500003
3093,5.5680087393
3094,11.6887623758
3095,4.1320375974
3096,10.2107462162
3097,16.6676614887
3098,17.4323849803
3099,17.1598106915
3100,12.0973155977
3101,11.879008005400001
3102,10.3676459351
3103,8.0728035689
3104,14.8442432652
3105,8.5265930357
3106,15.2592174298
3107,10.3706309891
3108,9.7328852005
3109,6.7379299045
3110,6.8319496257
3111,7.0576686394
3112,9.2166387789
3113,9.1761929608
3114,13.7942246545
3115,6.8405304000000005
3116,9.9476522533
3117,5.066466503
3118,10.4504267887
3119,10.5978227829
3120,22.8049006053
3121,9.7541328144
3122,3.8664005049999997
3123,5.7160855713
3124,6.9769793701
3125,7.314159119399999
3126,7.4401598699000004
3127,5.551753927399999
3128,5.0673712625
3129,3.0412123029
3130,18.4339581309
3131,7.146535034199999
3132,6.9348049105000005
3133,5.901126294599999
3134,9.8377563145
3135,11.356327739200001
3136,6.9121012957
3137,7.3861159639
3138,9.6227387484
3139,6.7076667252
3140,7.522494934000001
3141,9.5716823044
3142,10.898022186599999
3143,7.733826389799999
3144,13.107330169699999
3145,6.668384758
3146,8.0143935509
3147,15.504170471200002
3148,8.5091294714
3149,10.9098302951
3150,8.8235578945
3151,5.0434619751
3152,8.8923438344
3153,6.3599772037
3154,8.0049519465
3155,8.823978028800001
3156,9.5042702064
3157,11.841367523199999
3158,7.8414286657000005
3159,10.011712394700002
3160,7.1705977557
3161,8.0645045664
3162,12.604861931000002
3163,7.6956093139
3164,7.6202901987
3165,8.2364337716
3166,7.4820312271
3167,8.488739037799998
3168,8.9345959909
3169,10.6963233051
3170,15.7349693299
3171,6.283327133099999
3172,12.267694557199999
3173,17.344512680100003
3174,3.1323239621
3175,21.468200324999998
3176,17.5000571402
3177,23.592402922399998
3178,4.5615315394
3179,10.538167809099999
3180,9.740491669099999
3181,13.000527038500001
3182,11.2879754171
3183,18.853250318100002
3184,18.144540817299998
3185,23.0134786834
3186,5.6995422248
3187,19.4366039135
3188,14.723426208500001
3189,21.4865424652
3190,7.042268261599999
3191,12.820011543900002
3192,17.7820782215
3193,14.9332042395
3194,10.2823401337
3195,5.684434722899999
3196,5.4506107618
3197,1.8371790305
3198,18.824994389300002
3199,8.2340256347
3200,0.9085875914
3201,8.2645684799
3202,15.3046058937
3203,11.1735578575
3204,2.9896566658
3205,4.0284009399
3206,5.4528187927
3207,1.0743599643000001
3208,6.938399009299999
3209,5.4929980393
3210,11.9554982759
3211,2.9703784157
3212,2.2835173807
3213,7.167432723999999
3214,2.2382449469
3215,3.1291890567999996
3216,5.6674161000000005
3217,6.5375937805
3218,7.680754364
3219,6.831739746
3220,12.035302445
3221,7.321759979199999
3222,7.5843332825
3223,6.1680971985
3224,8.6408411866
3225,11.851641448999999
3226,9.0459390763
3227,6.9381635592
3228,8.516507767300002
3229,7.471094970599999
3230,6.8220270767999995
3231,8.5633500826
3232,8.630452706
3233,7.3666058516
3234,9.1107019044
3235,5.7107286334
3236,6.9586468479
3237,5.5439052496
3238,6.745669464100001
3239,16.0235181122
3240,11.863102943
3241,12.680958908000001
